branch_id,branch_name,branch_manager,branch_phone_number,branch_opening_date,branch_type,branch_stock_market,branch_stock_symbol,branch_country_code
1,Branch A,Timothea Pavlenko,115-584-5246,3/25/2011,Corporate,NYSE,EPD,TH
2,Branch B,Lorelei Borg-Bartolo,951-911-9848,1/26/2016,Corporate,NYSE,WD,ID
3,Branch B,Brandea Lilliman,561-184-4533,4/16/2014,Retail,NASDAQ,SWIN,PL
4,Branch B,Vasili Readings,891-269-9668,6/27/2006,Retail,NASDAQ,FRBK,ID
5,Branch A,Gerta Dunne,463-910-1235,10/2/2010,Retail,NASDAQ,LOAN,TH
6,Branch B,Erek Kiely,850-568-3864,2/22/2011,Corporate,NASDAQ,ARAY,MY
7,Branch A,Dominica Kristoffersen,648-171-6502,6/11/2017,Corporate,NYSE,TFX,CU
8,Branch B,Brianna Kemmis,739-459-5464,8/2/2001,Corporate,NASDAQ,NXEO,CI
9,Branch B,Bald Dangerfield,644-582-2981,12/8/2015,Corporate,NYSE,BAC^Y,GR
10,Branch C,Vitoria McGuire,428-203-0619,11/19/2007,Retail,NASDAQ,FMAO,PH
11,Branch A,Kellen Brightie,774-543-1902,2/16/2008,Retail,NASDAQ,CNTY,CN
12,Branch A,Babb Rolfini,620-447-1485,1/17/2007,Retail,NASDAQ,KBWR,NG
13,Branch B,Wylie Cattell,346-772-8786,5/31/2012,Retail,NYSE,NXQ,CN
14,Branch C,Roobbie Jent,965-241-5012,3/31/2006,Corporate,NASDAQ,CHFC,CM
15,Branch B,Hieronymus Harkus,583-282-8368,4/10/2010,Corporate,NASDAQ,MRVC,CN
16,Branch A,Tye Fownes,312-196-9270,3/12/2001,Corporate,NASDAQ,FNWB,NI
17,Branch A,Amerigo Djurkovic,460-583-1184,6/4/2001,Corporate,NYSE,KFN^,SE
18,Branch A,Amye Andree,757-833-3369,12/18/2005,Retail,NYSE,CHSP^A.CL,RU
19,Branch B,Marcella Tander,353-232-7961,5/12/2015,University,NYSE,APAM,DK
20,Branch C,Hortensia Stillwell,379-255-3248,4/23/2017,University,NYSE,EE,BR
21,Branch C,Nani Neely,557-786-9179,12/25/2011,Retail,NYSE,JNJ,ID
22,Branch C,Ram Cauley,820-792-9228,10/22/2006,Retail,NASDAQ,ATRI,SE
23,Branch C,Patrizia Nerney,206-546-2244,9/10/2006,Corporate,NYSE,SCCO,US
24,Branch A,Yvette Rawdales,265-562-0716,1/12/2019,Retail,NASDAQ,PESI,HN
25,Branch C,Cami Zoanetti,985-636-1804,2/4/2021,Corporate,NYSE,USG,PH
26,Branch B,Eadmund Ducker,562-321-2163,1/21/2016,Retail,NYSE,TXT,PH
27,Branch C,Esther Saffin,533-170-3510,2/13/2006,University,NYSE,EXPR,FR
28,Branch A,Marlowe Jacobsson,252-879-9299,8/4/2021,University,NASDAQ,SYKE,EG
29,Branch C,Myron Robinette,938-609-1802,11/1/2009,University,NYSE,MTX,BR
30,Branch B,Corissa Tomkiss,993-500-1835,10/6/2014,University,NASDAQ,TNXP,JP
31,Branch A,Thorpe O'Hagirtie,121-660-5679,10/10/2011,University,NYSE,BGCA,GR
32,Branch A,Decca Iorizzo,344-212-6651,2/1/2021,University,NASDAQ,HA,CM
33,Branch B,Shannen Bausmann,175-797-3493,3/21/2003,Retail,NASDAQ,SHPG,PT
34,Branch A,Joe Hasell,320-445-2028,4/7/2014,Corporate,NYSE,KOP,AZ
35,Branch B,Peria Ablett,291-219-7990,6/14/2011,Retail,NYSE,WFC^T,JP
36,Branch B,Cyndie Hrinchenko,135-236-6263,7/22/2001,Corporate,NASDAQ,OCUL,CO
37,Branch A,Gusta Willmore,442-769-7088,10/5/2014,Corporate,NYSE,PSA,PT
38,Branch C,Debee Gauden,235-541-7973,10/16/2008,Corporate,NYSE,BGR,PH
39,Branch A,Heidie Blindt,660-444-3643,1/28/2022,University,NASDAQ,MPVD,ID
40,Branch A,Betty Parramore,619-140-3663,5/15/2019,Corporate,NASDAQ,SRCL,US
41,Branch C,Del Fitchet,127-978-0093,7/1/2000,Corporate,NASDAQ,NNDM,TZ
42,Branch B,Jan Coulman,175-719-4969,1/6/2010,Corporate,NASDAQ,PTF,CN
43,Branch C,Audi McAvinchey,173-736-6224,6/19/2013,University,NASDAQ,AMCN,ID
44,Branch A,Man Digman,228-686-9964,2/10/2014,University,NYSE,FMO,PH
45,Branch A,Candida Trounce,113-190-1230,2/11/2004,University,NYSE,BFS,FR
46,Branch A,Mervin Pike,301-847-0268,11/19/2003,Retail,NASDAQ,NFEC,CN
47,Branch C,Kessia Presslie,380-703-5879,10/22/2011,Corporate,NASDAQ,RNVA,CN
48,Branch A,Meg Attewill,522-354-9709,3/14/2019,University,NYSE,AGCO,PH
49,Branch B,Reinaldo Stuck,583-459-7594,3/30/2007,Corporate,NASDAQ,AMRB,FR
50,Branch B,Kele Bloy,405-976-0322,8/11/2009,Retail,NASDAQ,EHTH,PT
51,Branch C,Amos Roots,230-525-6169,1/28/2002,Retail,NASDAQ,FDEF,SI
52,Branch A,Reagen Foskett,707-297-9998,4/7/2017,Retail,NYSE,LXFT,PL
53,Branch C,Patricia Boyack,382-119-8355,7/21/2007,Retail,NASDAQ,BWEN,BD
54,Branch C,Roxana Hasell,128-736-4989,10/21/2000,Retail,NASDAQ,HYGS,ID
55,Branch C,Ilyse Tregiddo,691-697-4978,2/15/2014,University,NYSE,NOW,PL
56,Branch C,Waverley Sacaze,864-332-4508,3/8/2020,Corporate,NYSE,KOP,SS
57,Branch B,Violet Henaughan,364-757-8311,3/5/2020,Corporate,NASDAQ,TAPR,CN
58,Branch A,Bradford Finley,125-447-2644,1/19/2009,University,NASDAQ,PLPC,GM
59,Branch C,Maude Capelow,639-789-1145,7/4/2002,University,NYSE,JOE,CN
60,Branch A,Cly Ebbrell,630-709-8908,12/24/2018,University,NASDAQ,ACAD,CN
61,Branch C,Crin Gubbins,251-537-2871,12/13/2008,Retail,NYSE,CCC,ID
62,Branch A,Brander Dillaway,548-818-2752,1/26/2002,University,NASDAQ,IDCC,PL
63,Branch A,Dredi Millsom,832-675-9054,7/8/2003,Corporate,NASDAQ,LOGI,AZ
64,Branch A,Brittne Wasson,513-122-7433,9/17/2020,Retail,NASDAQ,QPACU,US
65,Branch B,Bridie Reedyhough,168-528-0087,8/16/2014,Corporate,NYSE,PWE,SE
66,Branch B,Annie Rolstone,904-361-7292,11/14/2002,Retail,NASDAQ,BBGI,PH
67,Branch A,Stephi De Maria,993-817-0784,4/12/2018,Retail,NASDAQ,ETRM,ID
68,Branch B,Lyman Edmunds,868-652-4534,6/14/2005,Retail,NASDAQ,CPSS,BR
69,Branch B,Dolf M'Quharge,265-207-3268,5/13/2003,University,NYSE,QUOT,ID
70,Branch C,Tiphanie Vuitton,501-147-2853,5/29/2021,Corporate,NYSE,NCI,FR
71,Branch B,Elizabet Maty,206-961-0107,10/2/2008,Retail,NYSE,PMO,CN
72,Branch A,Stafani Jozwicki,289-140-5949,1/4/2017,Corporate,NASDAQ,DSLV,MT
73,Branch C,Muriel Haddleston,132-935-9255,9/14/2022,Corporate,NASDAQ,FARM,CU
74,Branch C,Ansell Suggitt,695-108-1251,11/4/2021,Retail,NASDAQ,WSBF,FM
75,Branch B,Kimberlyn Belfrage,450-499-5557,8/16/2000,Corporate,NYSE,NIM,TD
76,Branch A,Brig Troop,316-875-7744,7/30/2000,University,NASDAQ,LMBS,AM
77,Branch A,Ethel Aspole,292-494-2837,2/12/2014,University,NASDAQ,FATE,CZ
78,Branch A,Phylis Bolte,525-529-5237,5/28/2017,Corporate,NYSE,KTP,PT
79,Branch A,Dionne Neggrini,494-295-9773,10/24/2004,University,NASDAQ,FCSC,FR
80,Branch A,Harwilll Jelphs,695-855-5196,3/10/2017,Corporate,NYSE,TISI,MN
81,Branch B,Daisi Braidley,406-871-7346,9/4/2012,Retail,NYSE,MCC,SE
82,Branch C,Easter Caulton,411-429-5711,9/24/2014,Retail,NYSE,OHI,PK
83,Branch C,Audie Peer,279-462-1858,5/29/2011,Corporate,NYSE,NTC,PL
84,Branch B,Yorker Cultcheth,821-885-3846,8/15/2012,Retail,NASDAQ,CSWC,BR
85,Branch A,Matthiew Robison,201-535-4316,1/10/2000,University,NASDAQ,NTRS,CZ
86,Branch C,Godfrey McGreay,156-567-3742,7/7/2000,University,NASDAQ,TEAM,PH
87,Branch B,Simonette Nelthropp,921-594-2321,11/12/2020,University,NYSE,SAN^A,FI
88,Branch C,Elberta Guilloneau,862-788-7427,12/20/2018,Corporate,NYSE,ARI^A,PL
89,Branch C,Carlin Kayzer,969-379-5248,5/1/2019,Retail,NASDAQ,APOPW,BD
90,Branch A,Tilda Marryatt,128-487-6969,9/1/2008,University,NYSE,SWFT,BR
91,Branch B,Emlynne Bicknell,790-722-1004,3/31/2000,University,NYSE,HCC,AM
92,Branch A,Kahlil Cauthra,163-268-5916,9/24/2011,Retail,NASDAQ,STRT,PT
93,Branch A,Jeramey Burdis,624-191-7260,11/21/2021,Corporate,NYSE,TAP,UA
94,Branch B,Kamilah Borell,891-430-1818,5/3/2011,University,NASDAQ,WTFCM,ET
95,Branch B,Olivie Paling,780-778-6468,2/7/2018,Corporate,NYSE,HJV,CN
96,Branch C,Hyacintha Tame,975-590-7988,1/19/2012,Corporate,NYSE,JDD,CN
97,Branch C,Cherise Casseldine,400-850-7167,11/1/2010,Retail,NASDAQ,MDGS,ID
98,Branch A,Emmott Forsdike,529-390-8478,4/24/2017,Retail,NYSE,ITCB,PE
99,Branch A,Sigvard Esselin,933-144-5217,12/9/2014,Corporate,NASDAQ,AMTD,JP
100,Branch B,Kaylil Shyre,811-920-9603,12/15/2013,Retail,NYSE,AP,CN
101,Branch C,Thea Pallatina,523-399-7158,8/15/2008,University,NYSE,LL,CN
102,Branch B,Selig Zaniolo,468-345-9990,10/2/2002,Retail,NYSE,PAR,CN
103,Branch C,Karia Aitkin,156-173-5541,11/12/2007,Retail,NASDAQ,CUTR,UA
104,Branch C,Carey Dienes,806-873-7122,3/6/2011,Corporate,NASDAQ,BHBK,AM
105,Branch B,Ulric Boyse,114-672-1669,6/25/2000,Retail,NASDAQ,VBND,ZM
106,Branch B,Julee Enocksson,951-417-1434,9/9/2011,University,NASDAQ,SVVC,HT
107,Branch A,Elisabet Lefort,454-324-2167,11/26/2008,Retail,NASDAQ,FFKT,GR
108,Branch B,Axel Stairmand,468-214-2613,2/7/2007,Retail,NYSE,ASPN,FR
109,Branch C,Lynea Bonicelli,601-256-2687,12/27/2008,Retail,NASDAQ,SPNS,RS
110,Branch C,Kennan Wandrach,851-226-3777,12/2/2005,University,NYSE,TNET,VN
111,Branch A,Marquita Kristiansen,110-751-9671,12/1/2017,Retail,NYSE,RT,CN
112,Branch A,Wendeline Blanckley,392-144-2853,2/25/2001,Corporate,NYSE,CLNS^B,CN
113,Branch B,Delmer Plevey,401-839-1117,6/19/2000,Corporate,NYSE,FUN,US
114,Branch B,Penny Ferryn,146-118-7620,12/10/2007,Retail,NASDAQ,FHK,PT
115,Branch A,Arnaldo Girardot,562-917-7480,6/29/2019,University,NYSE,PRTY,TN
116,Branch C,Mackenzie Sive,448-666-6943,2/7/2001,University,NASDAQ,BFIT,CA
117,Branch C,Anjanette Mansour,841-549-1060,2/22/2018,Retail,NYSE,GEF,RU
118,Branch A,Augy Stobart,460-712-6984,9/24/2007,Retail,NASDAQ,IBB,UA
119,Branch C,Alaine Barling,113-318-2966,2/10/2001,University,NYSE,BLD,ID
120,Branch A,Sylvan Gellan,712-193-3026,10/27/2017,University,NASDAQ,BKSC,BR
121,Branch A,Sondra Lynnett,499-824-4340,9/7/2021,Corporate,NYSE,IPG,CN
122,Branch A,Eduino Priditt,316-140-4286,9/21/2002,Corporate,NYSE,TPGE.U,DE
123,Branch B,Weidar Antham,104-711-9195,3/10/2017,Corporate,NYSE,TCCA,CN
124,Branch C,Rozamond Klug,289-125-1238,8/8/2009,University,NASDAQ,JACK,ID
125,Branch B,Bonnie Bruck,521-732-1864,4/15/2007,University,NYSE,CCU,IE
126,Branch A,Rafaelia Macquire,802-488-0603,12/28/2004,Corporate,NYSE,GBAB,CN
127,Branch C,Annora Cockrell,203-242-2683,11/3/2008,Retail,NYSE,STNG,CN
128,Branch C,Isadore Holstein,872-139-7797,10/11/2001,Corporate,NASDAQ,OHRP,RU
129,Branch C,Averyl Ivimey,816-237-3013,11/30/2005,Retail,NYSE,PBA,US
130,Branch B,Norman Paffitt,524-992-1715,12/9/2012,Retail,NASDAQ,LLNW,CN
131,Branch C,Elisha Barrett,310-224-8217,12/14/2008,University,NASDAQ,CDL,MA
132,Branch B,Henry Kerwick,817-446-3159,11/20/2004,University,NYSE,LEE,CN
133,Branch C,Briana Wiffen,311-321-4381,8/5/2005,Retail,NYSE,CSL,BR
134,Branch C,Burgess Zipsell,265-925-7820,3/13/2006,Corporate,NASDAQ,NGHC,RU
135,Branch C,Hillie Aime,926-447-5537,6/16/2004,Retail,NYSE,EURN,SE
136,Branch A,Ruthie Smurthwaite,478-119-8243,4/16/2002,University,NYSE,OFC,BR
137,Branch A,Mike Rosten,320-557-2861,9/27/2002,Retail,NASDAQ,ICCH,ID
138,Branch C,Brenn Lorans,271-743-5715,2/19/2020,University,NYSE,CLD,BW
139,Branch A,Clarice Robken,161-199-1707,12/22/2000,University,NYSE,DBL,CN
140,Branch C,Renata Wescott,484-417-9274,12/17/2012,Corporate,NASDAQ,CAAS,CN
141,Branch A,Radcliffe Crohan,284-401-5239,4/16/2015,Retail,NASDAQ,AIMT,JO
142,Branch A,Alick Brave,673-688-1817,7/6/2001,Retail,NASDAQ,CBAN,CN
143,Branch A,Zacharia Hartell,647-992-3119,7/10/2017,Retail,NYSE,MZF,PH
144,Branch B,Katalin Cleal,262-903-0647,5/21/2015,Retail,NASDAQ,FCCO,FR
145,Branch B,Lorene McGonnell,569-592-3222,5/18/2000,Retail,NASDAQ,CBFV,BR
146,Branch A,Chrissy Moffett,728-961-7449,12/23/2017,Retail,NASDAQ,TYPE,UA
147,Branch B,Phylis Edgars,381-839-0810,12/13/2020,Corporate,NYSE,PSA^B,CN
148,Branch B,Laure Spondley,806-604-3782,11/16/2012,Corporate,NASDAQ,AXARU,AM
149,Branch B,Udell Luchetti,754-712-4999,6/2/2019,Corporate,NASDAQ,VRIG,ID
150,Branch A,Morry Gavan,146-899-6405,6/9/2022,Corporate,NYSE,TOT,ZA
151,Branch C,Doy Baggelley,171-681-2192,3/25/2009,University,NYSE,DVN,CN
152,Branch C,Fabiano Kayzer,798-336-0910,4/12/2004,Retail,NYSE,GS^N,PL
153,Branch A,Davin Jaquiss,828-962-1209,1/28/2008,Retail,NASDAQ,EVLV,CN
154,Branch A,Suzanne Dat,865-569-6774,11/19/2004,Corporate,NASDAQ,GLBZ,PL
155,Branch A,Leo Chatenet,427-704-4064,3/27/2016,Corporate,NASDAQ,CFBK,YE
156,Branch C,Orel Packer,304-904-9137,3/19/2003,University,NASDAQ,ANDE,PH
157,Branch C,Blinni Hendrik,343-193-1848,10/2/2004,Retail,NYSE,MCR,NR
158,Branch B,Diann Shakshaft,476-347-6338,5/6/2022,Corporate,NYSE,DCT,FR
159,Branch A,Auria Wolters,242-291-3265,6/25/2020,Corporate,NYSE,SFS,ZA
160,Branch B,Julia Hedylstone,258-706-9158,3/13/2016,Retail,NYSE,CLNS^H,CN
161,Branch B,Dare Gosford,241-225-5650,1/27/2011,Retail,NASDAQ,EDBI,JP
162,Branch A,Dari Niece,649-429-9372,7/28/2020,Corporate,NASDAQ,ROSE,NG
163,Branch B,Arne Banville,179-164-3849,3/9/2013,University,NASDAQ,PMTS,AR
164,Branch C,Fanya Malcher,145-559-6075,8/24/2020,University,NYSE,OKE,CN
165,Branch A,Page Fauguel,474-174-0764,9/20/2012,Corporate,NASDAQ,HUNTU,GR
166,Branch C,Moll Gratland,194-940-7818,11/28/2005,University,NYSE,NMI,SE
167,Branch B,Pincus Maleham,275-339-4566,6/28/2000,University,NASDAQ,ESRX,CN
168,Branch A,Elysha Trangmar,698-435-7551,12/23/2005,Corporate,NASDAQ,BELFB,BF
169,Branch C,Illa Dagg,264-686-0888,1/8/2015,University,NYSE,BPK,ID
170,Branch C,Lilia Bottrill,653-649-8536,1/16/2020,University,NYSE,MYJ,BA
171,Branch A,Rog Shalcras,932-701-3198,8/1/2013,University,NYSE,HOG,PL
172,Branch B,Libby Jarman,299-353-1882,3/21/2018,Retail,NYSE,MIY,CN
173,Branch A,Audrye Bray,503-470-8040,9/14/2016,Retail,NYSE,DCUD,KP
174,Branch A,Killie Senechell,467-955-3644,3/25/2002,University,NYSE,WCG,SY
175,Branch B,Tracee Martindale,739-621-5974,11/2/2008,Retail,NASDAQ,CID,PH
176,Branch C,Brandon Allsop,471-923-8502,11/26/2020,Corporate,NYSE,AES^C.CL,ID
177,Branch B,Tilly Tonkin,836-807-0476,3/25/2021,Corporate,NASDAQ,VSTM,PL
178,Branch A,Janice Dabnor,271-428-3987,8/12/2015,Retail,NASDAQ,AQB,FR
179,Branch B,Jared Breton,619-884-5720,3/12/2003,Corporate,NASDAQ,SQQQ,GT
180,Branch A,Catrina Mowsdale,687-892-4479,10/3/2004,University,NYSE,CBB,IL
181,Branch C,Corella Camel,342-773-1761,9/26/2014,University,NASDAQ,SPTN,CN
182,Branch C,Nathan Rawcliffe,259-129-2932,10/9/2008,Corporate,NASDAQ,ASPS,VN
183,Branch A,Tarra Merwood,620-977-2813,11/13/2000,University,NYSE,EGN,VE
184,Branch C,Demetri Jukubczak,205-989-5483,4/9/2015,Corporate,NASDAQ,SBRA,CN
185,Branch A,Lezlie Devaney,554-703-5353,3/23/2021,Retail,NYSE,C^N,CN
186,Branch A,Neile Coll,925-264-2026,12/29/2020,University,NYSE,NEA,PH
187,Branch B,Bil Jeggo,247-238-5792,8/18/2000,Retail,NYSE,NDRO,CI
188,Branch C,Neely Draysey,122-914-8205,1/28/2000,Retail,NASDAQ,ALRM,FR
189,Branch A,Randy Coventry,547-289-2300,5/24/2020,Retail,NASDAQ,CHW,CN
190,Branch A,Shanta Scemp,681-304-6572,6/24/2007,Retail,NASDAQ,MEIP,MA
191,Branch C,Purcell Freeborne,750-985-3948,12/9/2010,Corporate,NYSE,SJW,CN
192,Branch B,Cris Borrie,111-476-7357,8/30/2021,University,NYSE,GNL,CN
193,Branch B,Amil Cudihy,156-803-3208,1/20/2017,University,NASDAQ,full_name,SE
194,Branch A,Tymon Ramelot,568-121-7997,11/24/2021,Retail,NYSE,TSS,AF
195,Branch C,Kessiah Bothe,803-752-8910,4/19/2007,Corporate,NYSE,TEVA,PK
196,Branch C,Benni Chimienti,907-606-5601,1/5/2016,Corporate,NYSE,KRC,BR
197,Branch A,Coral Grzegorek,428-186-9885,3/18/2015,Retail,NYSE,KAP,MX
198,Branch C,Yale Brauns,267-256-0787,8/30/2006,Retail,NYSE,LCM,TH
199,Branch B,Amalea Westover,794-106-4142,1/25/2021,University,NASDAQ,LVNTB,RO
200,Branch B,Lou MacGiany,706-600-9337,5/20/2021,Corporate,NASDAQ,MOCO,GQ
201,Branch A,Jacquelynn Dumberell,107-821-6836,8/18/2001,Corporate,NASDAQ,EARS,NI
202,Branch B,Jaimie Willerton,274-309-3346,10/13/2005,Retail,NYSE,LCII,SN
203,Branch A,Chloris Bang,930-815-8238,5/20/2003,Retail,NASDAQ,ENG,ID
204,Branch C,Loralie Imrie,947-349-0056,8/23/2010,Retail,NASDAQ,SCWX,ID
205,Branch C,Pavla Castella,955-921-7667,9/7/2000,Retail,NYSE,FMSA,CA
206,Branch C,Earle Rattry,814-781-4448,5/28/2001,Retail,NYSE,BSD,NO
207,Branch A,Glyn Downey,546-229-2507,7/25/2020,University,NYSE,P,MX
208,Branch B,Rebeca Biasio,482-556-7138,6/26/2001,Corporate,NASDAQ,HRMN,VN
209,Branch A,Concettina Rowter,418-168-5738,3/30/2012,Corporate,NASDAQ,IDRA,SE
210,Branch C,Dedie Strafford,310-353-5763,8/13/2014,University,NYSE,CHE,ID
211,Branch C,Gerardo Stanlick,950-975-5571,2/6/2012,University,NASDAQ,IXUS,CA
212,Branch A,Vinnie Thurborn,541-441-5155,1/30/2020,Retail,NASDAQ,ARLZ,AF
213,Branch A,Filip Abramovitch,323-417-1741,11/6/2020,Retail,NASDAQ,BLDP,CN
214,Branch A,Fitzgerald Massy,962-661-0962,11/2/2007,Corporate,NYSE,AQN,UA
215,Branch C,Dani Withnall,273-900-2127,12/24/2022,Corporate,NASDAQ,ANDE,CN
216,Branch C,Jay Padbury,125-480-5925,12/10/2012,Corporate,NYSE,TLP,CN
217,Branch A,Arthur Dibbert,399-806-2717,5/1/2021,Corporate,NASDAQ,FMI,RU
218,Branch C,Al Richfield,125-347-2267,2/21/2007,Retail,NASDAQ,BANX,PT
219,Branch B,Lyssa Pyatt,614-983-0295,3/11/2001,University,NYSE,NRT,ID
220,Branch C,Jaynell Maddicks,366-118-5547,3/5/2000,University,NASDAQ,PAACW,CO
221,Branch B,Jecho Prate,101-994-7219,10/5/2020,Corporate,NASDAQ,MPAA,JP
222,Branch A,Lane Darcy,193-852-4110,5/8/2019,University,NYSE,BNED,PH
223,Branch A,Alane Fley,352-104-1244,6/15/2019,Retail,NYSE,GER,US
224,Branch A,Mikkel Ryley,234-841-6731,6/18/2012,University,NASDAQ,CCRN,RU
225,Branch B,Lillis Shrubb,616-223-7275,1/9/2021,Retail,NYSE,PAC,US
226,Branch B,Jacki Romao,604-277-8394,11/28/2005,University,NASDAQ,EBSB,UA
227,Branch C,Angelika Mochan,421-544-4065,9/3/2008,Retail,NASDAQ,PIZ,CZ
228,Branch C,Elianore Dronsfield,423-969-4952,1/13/2013,Corporate,NYSE,FOR,ID
229,Branch C,Allene Geraldo,683-715-1481,4/26/2020,Corporate,NYSE,FRC^E,ID
230,Branch B,Roseanna Leydon,985-748-3114,1/14/2022,University,NASDAQ,OREX,CN
231,Branch A,Burnaby Gyves,895-792-6061,2/8/2005,Corporate,NYSE,TDE,ID
232,Branch A,Enrika Mortell,723-242-8143,9/3/2016,Retail,NASDAQ,HRZN,DE
233,Branch B,Gray Deuss,145-259-6239,3/3/2019,Corporate,NYSE,ODC,CN
234,Branch C,Tamar Braghini,298-336-0449,7/25/2002,Corporate,NASDAQ,ELSE,PS
235,Branch B,Maurits Minchin,195-632-6998,11/19/2016,Retail,NASDAQ,OTIC,PT
236,Branch A,Dorthy Ricciardi,619-290-6867,10/25/2001,Retail,NYSE,MLI,CN
237,Branch B,Ulrich Marwick,219-863-7443,7/20/2016,Corporate,NYSE,AHT^D,CN
238,Branch A,Ianthe Endrizzi,842-308-2578,9/24/2009,University,NASDAQ,RARX,PL
239,Branch C,Grethel Buscombe,893-702-5120,3/20/2010,Retail,NASDAQ,EXEL,ID
240,Branch B,Sasha Foli,225-998-0442,8/5/2005,Retail,NYSE,BIT,FR
241,Branch A,Marena Priddis,727-373-7911,10/6/2018,Retail,NYSE,APB,ID
242,Branch B,Trudie Simonyi,535-305-7864,9/11/2002,University,NASDAQ,VWOB,PT
243,Branch B,Zacharias Edmands,964-607-0002,12/21/2014,Retail,NASDAQ,CSQ,TH
244,Branch B,Lamar McCreery,328-158-7821,2/17/2007,University,NASDAQ,CLIRW,CN
245,Branch B,Cyndy Candey,698-326-9721,12/26/2005,Retail,NASDAQ,ATRS,NG
246,Branch B,Oren Pavolillo,448-541-7140,10/5/2016,Retail,NYSE,APAM,CN
247,Branch C,Ansel Blankley,823-702-8052,11/7/2015,Corporate,NASDAQ,MAT,PH
248,Branch C,Roanne Eefting,125-311-7177,8/28/2005,Corporate,NASDAQ,VSEC,PH
249,Branch B,Ellis Feechan,351-209-7087,7/29/2020,University,NYSE,WBAI,TZ
250,Branch A,Babs Swaite,645-336-6036,5/26/2017,Corporate,NYSE,OOMA,RU
251,Branch B,Donnell Hackworth,658-960-5550,5/11/2017,Corporate,NASDAQ,CORI,ID
252,Branch B,Dudley Sparshatt,943-664-8948,10/30/2012,University,NASDAQ,CHTR,PE
253,Branch C,Sonny Purle,543-930-4398,5/15/2016,Retail,NASDAQ,CUI,BR
254,Branch A,Sam Nelmes,915-579-5708,2/17/2005,Corporate,NASDAQ,RNVA,KR
255,Branch A,Armando Sibylla,492-548-3544,6/20/2002,Retail,NYSE,SWP,RU
256,Branch B,Tess Sunter,424-372-5138,3/9/2018,Corporate,NASDAQ,AKER,CN
257,Branch B,Lonni Bonellie,421-476-9408,7/24/2021,University,NASDAQ,TTMI,PH
258,Branch C,Catrina Kordovani,635-776-5497,8/8/2000,Corporate,NASDAQ,BLVDW,UA
259,Branch A,Luci Widdowes,617-688-2072,7/19/2020,Retail,NASDAQ,PTGX,SZ
260,Branch C,Clarisse Romain,875-554-5511,12/3/2000,Retail,NYSE,PUK,EC
261,Branch A,Stephanie Levane,749-446-1687,10/23/2022,Retail,NASDAQ,BLIN          ,ES
262,Branch C,Neely Bonanno,721-359-5990,7/19/2004,University,NYSE,CBO,PE
263,Branch A,Else Cudbertson,704-225-3108,10/5/2022,Retail,NYSE,AL,US
264,Branch C,Desirae Somner,609-323-2120,9/25/2014,University,NASDAQ,SCWX,MX
265,Branch A,Feliza Offer,449-593-1826,1/12/2003,Retail,NYSE,CHU,PH
266,Branch C,Basilio Barczewski,590-520-1383,4/25/2012,Retail,NASDAQ,COUP,PH
267,Branch C,Dilly Ordelt,757-150-3638,1/25/2015,University,NASDAQ,TUTI,RU
268,Branch A,Bee Hain,889-309-5798,12/16/2004,University,NYSE,ZTR,PH
269,Branch A,Darryl Carswell,817-323-5525,7/6/2020,University,NASDAQ,BOTJ,UA
270,Branch B,Dierdre Hannibal,377-273-7379,11/12/2021,Retail,NASDAQ,INFN,PK
271,Branch B,Laverne Beavis,196-740-0486,3/4/2011,Corporate,NYSE,TS,BR
272,Branch B,Prudy Roder,869-247-2247,2/20/2016,Corporate,NASDAQ,SHOR,PT
273,Branch B,Siegfried Jacks,375-932-0506,3/5/2022,University,NASDAQ,GLPG,ID
274,Branch A,Fiann Mahood,416-184-9698,7/20/2015,Corporate,NYSE,FRC^C,CN
275,Branch B,Sherman Aylett,121-840-0707,6/29/2007,Corporate,NYSE,JMLP,AF
276,Branch A,Pacorro Tremelling,538-798-3151,8/18/2022,University,NYSE,RY^T,CN
277,Branch A,Kynthia Isselee,264-840-9371,9/2/2002,Retail,NYSE,NMS,PT
278,Branch B,Kellby Heffy,165-715-4714,8/13/2008,Retail,NYSE,TLRD,RU
279,Branch C,Ron Dureden,681-286-4133,7/28/2000,University,NASDAQ,ZBRA,UG
280,Branch B,Osbourn De Maine,116-254-9762,8/30/2001,University,NYSE,EGL,PE
281,Branch A,Freddy Shubotham,831-494-8102,5/23/2022,University,NYSE,ASG,JP
282,Branch A,Marcille Simmonds,952-667-7131,1/6/2008,University,NASDAQ,LITE,YE
283,Branch A,Filide Moberley,111-157-3819,7/11/2004,Retail,NYSE,REVG,TN
284,Branch B,Renae Burrel,835-824-9939,4/16/2006,Retail,NASDAQ,CVCY,CN
285,Branch B,Elna Liveley,187-372-6505,3/15/2004,Retail,NYSE,NTP,NG
286,Branch C,Piggy Klaussen,174-196-8932,3/23/2000,University,NASDAQ,CALM,SE
287,Branch B,Merola Crosswaite,534-658-5073,11/22/2006,Retail,NYSE,ATR,AR
288,Branch B,Elisabeth MacCumiskey,284-283-1560,3/12/2007,Corporate,NASDAQ,SNES,BY
289,Branch A,Valenka Koopman,633-258-4259,4/10/2002,Corporate,NYSE,RWT,ID
290,Branch C,Morgana Humm,823-983-1328,10/13/2005,Corporate,NASDAQ,GLNG,VN
291,Branch C,Thain Curgenuer,414-311-4896,9/8/2020,Corporate,NYSE,COL,CN
292,Branch C,Ferris Lande,970-911-6738,5/13/2009,Corporate,NASDAQ,FTSL,CO
293,Branch B,Fidela Kerwood,989-855-4435,11/10/2010,Corporate,NASDAQ,SMTX,CN
294,Branch B,Ronnie Losty,515-235-2828,7/9/2022,Corporate,NASDAQ,RFEM,CN
295,Branch C,Kaine Peto,105-919-3559,7/13/2000,Corporate,NASDAQ,HDS,ID
296,Branch A,Katy Conlon,504-798-8962,7/11/2000,Corporate,NASDAQ,CFBK,CN
297,Branch B,Ewart Authers,481-994-3417,8/3/2014,Retail,NYSE,JHI,CN
298,Branch B,Tommy Beckensall,861-628-8054,1/11/2004,University,NYSE,TWLO,BI
299,Branch A,Reg Whitfeld,768-969-5820,12/3/2012,Corporate,NASDAQ,IMRN,SN
300,Branch A,Mattie Crayke,489-444-4482,8/2/2018,University,NYSE,MMC,JP
301,Branch B,Anatola Tanswill,694-137-0029,10/19/2019,Corporate,NYSE,ETN,FI
302,Branch C,Manya Form,757-282-8604,2/19/2006,Corporate,NASDAQ,EARS,CN
303,Branch B,Anthia Janew,981-694-2932,10/19/2016,Retail,NASDAQ,COKE,PT
304,Branch B,Terrel Styles,674-948-6443,3/11/2001,Retail,NYSE,TWX,ID
305,Branch C,Lyman Rathjen,207-211-1892,5/7/2009,Corporate,NYSE,GCV,RU
306,Branch A,Claudina Stevings,867-435-9711,3/24/2017,Corporate,NASDAQ,DAIO,ID
307,Branch B,Martin Degli Antoni,632-350-3206,5/13/2013,Corporate,NASDAQ,DXPE,AO
308,Branch A,Con Meakin,214-838-9290,4/6/2011,Retail,NASDAQ,ELOS,PH
309,Branch A,Clare Glidder,564-270-2085,6/29/2001,University,NYSE,MAN,RU
310,Branch A,Roxine Kryska,667-554-9744,1/7/2013,Corporate,NASDAQ,FMK,ID
311,Branch A,Shana Glencrosche,549-276-8398,11/26/2011,Corporate,NYSE,JP,CN
312,Branch C,Terza Townsley,665-899-4835,8/22/2003,Corporate,NYSE,KND,CN
313,Branch A,Ursa Sidebotham,992-556-1375,9/5/2022,Corporate,NYSE,WIT,CZ
314,Branch B,Frasquito Currer,672-827-8043,7/25/2002,University,NASDAQ,STRL,JP
315,Branch B,Alphonse Puttergill,512-274-0334,6/25/2013,University,NYSE,PMO,UA
316,Branch C,Idell Drees,831-887-9358,11/28/2001,Corporate,NASDAQ,TPIC,VE
317,Branch B,Krystalle Weatherley,106-594-8567,2/7/2006,University,NASDAQ,IAC,PT
318,Branch B,Jenilee Hearon,226-210-7127,3/12/2007,Retail,NASDAQ,PCMI,PL
319,Branch A,Maybelle Souness,823-482-3839,8/31/2014,Retail,NASDAQ,AEHR,IE
320,Branch A,Samara Rapinett,141-595-1557,2/20/2004,University,NYSE,ATI,NG
321,Branch B,Edmund McTurk,715-879-7428,5/8/2014,Retail,NYSE,GNRC,VE
322,Branch C,Lib Rawsen,699-961-7526,6/12/2019,Corporate,NYSE,UGP,FR
323,Branch B,Nealon Bywaters,210-475-5958,8/18/2001,University,NASDAQ,INCR,BG
324,Branch C,Toby Andrei,417-643-7680,7/14/2003,University,NASDAQ,WINA,JP
325,Branch A,Arnie Krabbe,425-744-8363,5/24/2016,Corporate,NASDAQ,VEON,PH
326,Branch A,Mellie Ruter,292-780-7746,12/24/2017,Corporate,NASDAQ,GBT,RU
327,Branch C,Drew Edge,995-490-9955,6/21/2020,Corporate,NYSE,AMC,ID
328,Branch B,Tally Roskrug,512-441-8476,1/10/2019,Retail,NASDAQ,SIFI,PL
329,Branch C,Anny Sawford,811-812-0524,5/10/2020,University,NYSE,SU,TH
330,Branch C,Glad Biss,121-794-2118,7/19/2019,Retail,NASDAQ,Z,ID
331,Branch B,Bourke Henric,529-300-2694,7/30/2013,Corporate,NASDAQ,MVIS,CN
332,Branch C,Dewain Ebbitt,633-452-9014,1/24/2021,University,NASDAQ,MSCC,TH
333,Branch C,Hollis Bensen,389-130-6704,12/6/2012,Corporate,NYSE,CO,MW
334,Branch B,Joyous Marusic,215-639-1152,8/16/2009,Corporate,NASDAQ,NSTG,UA
335,Branch A,Dianna Reddel,572-287-8072,9/17/2008,Retail,NYSE,NAN,ID
336,Branch B,Ainsley Markushkin,504-297-4941,6/14/2003,Corporate,NASDAQ,LBRDA,BR
337,Branch B,Katheryn Every,406-572-9908,6/25/2010,Corporate,NASDAQ,MITL,GR
338,Branch C,Irving Morant,675-874-6771,2/18/2001,University,NASDAQ,OTEX,CN
339,Branch C,Wilfred Cecere,292-656-6527,7/27/2004,Corporate,NYSE,NRZ,CN
340,Branch B,Hestia Maris,934-241-9796,4/4/2014,University,NASDAQ,SCLN,GH
341,Branch C,Teddy Ponter,546-643-5187,7/2/2016,University,NASDAQ,HQY,CN
342,Branch C,Saleem Pippard,391-552-7245,9/2/2003,Retail,NASDAQ,TTS,PL
343,Branch C,Barris Goulding,586-958-7005,12/21/2021,University,NYSE,ECC           ,CN
344,Branch B,Mendel Longstreeth,834-266-1371,2/24/2015,University,NYSE,FGL,CA
345,Branch B,Joe Saintsbury,731-234-5073,6/26/2018,University,NASDAQ,PPH,BR
346,Branch A,Rick Ledgeway,736-631-2348,7/29/2018,University,NASDAQ,PRSS,MM
347,Branch A,Alma McCurtain,142-460-8327,12/6/2011,Corporate,NYSE,AIZ,HR
348,Branch A,Maury Stockoe,407-794-1827,6/16/2005,Corporate,NYSE,KOP,US
349,Branch B,Lars Redwin,225-955-3359,3/13/2012,Corporate,NASDAQ,HPT,CN
350,Branch A,Viviana Chippendale,677-349-9129,1/25/2004,Corporate,NYSE,NHA,ID
351,Branch C,Joanna Godly,322-970-8694,9/1/2006,Retail,NASDAQ,CUTR,PE
352,Branch A,Kai Geary,134-430-4820,4/11/2000,Corporate,NYSE,BSL,IR
353,Branch B,Gaby Eadmead,463-837-0379,12/20/2014,University,NYSE,TGNA,FR
354,Branch C,Jarrod Yeabsley,921-775-7919,6/3/2009,University,NYSE,FSS,VE
355,Branch A,Maxine Coen,499-744-2495,1/19/2017,Retail,NYSE,SAN^A,RU
356,Branch C,Akim Surcomb,995-355-4266,3/23/2001,Corporate,NYSE,JLS,PH
357,Branch B,Travers MacNeachtain,925-993-9996,12/21/2006,University,NASDAQ,SHOS,PY
358,Branch B,Anstice Martine,878-789-5984,8/31/2018,Retail,NASDAQ,DWIN,PT
359,Branch C,Vivi Chesser,996-388-4007,1/7/2008,University,NYSE,BAC^L,HN
360,Branch A,Christophorus Basile,870-446-6903,4/27/2021,Corporate,NASDAQ,CRDS,IE
361,Branch B,Ceciley Ickovic,746-846-4669,9/8/2013,Retail,NASDAQ,STRA,VN
362,Branch A,Melessa Kemball,933-905-2703,8/14/2003,Retail,NYSE,BA,BR
363,Branch B,Marisa Dennett,900-750-6592,11/30/2010,Retail,NYSE,UNH,HT
364,Branch C,Troy Vokins,590-412-5161,11/25/2005,University,NASDAQ,TUTT,CN
365,Branch A,Arel Ickovits,210-175-1504,12/15/2017,Corporate,NASDAQ,NXEO,NG
366,Branch A,Edin McCrachen,829-790-5719,11/27/2011,University,NYSE,PSA^E,RU
367,Branch A,Marianna Waterman,751-985-6239,9/29/2019,University,NYSE,GPN,PE
368,Branch C,Boy Boater,817-103-6359,8/11/2003,Corporate,NASDAQ,ANY,IE
369,Branch B,Jocelyne Edgcombe,653-303-6545,1/7/2005,Corporate,NYSE,PCI,FR
370,Branch A,Hymie Uden,225-966-2564,10/21/2004,Retail,NYSE,GCO,CN
371,Branch B,Barnaby Ledner,357-145-0430,12/16/2003,Retail,NASDAQ,BCTF,FR
372,Branch A,Gae Bricknell,674-379-4957,8/19/2003,University,NYSE,BML^I,MY
373,Branch B,Dareen Vickarman,285-637-5064,10/13/2012,University,NASDAQ,CLRBZ,ES
374,Branch A,Vlad Hagergham,202-183-8158,5/14/2021,Retail,NASDAQ,ROLL,BG
375,Branch C,Ernesto Barrar,324-337-5762,11/1/2004,University,NASDAQ,GOODM,SN
376,Branch C,Rycca Poulgreen,269-383-1243,6/1/2018,University,NASDAQ,LVHD,CZ
377,Branch B,Gil Barkess,394-359-1326,7/27/2013,Corporate,NYSE,GMED,CN
378,Branch C,Kalie Brommage,224-855-8710,8/6/2022,Corporate,NYSE,PIY,MX
379,Branch B,Kimble Conman,166-958-3589,10/9/2012,University,NASDAQ,JKI,BR
380,Branch C,Skippie O'Cassidy,988-994-6716,9/12/2010,Corporate,NYSE,EMF,VN
381,Branch B,Jerad Du Hamel,524-253-2710,9/17/2021,Retail,NASDAQ,MSTR,CN
382,Branch B,Martica Georgel,952-437-8846,4/5/2010,Retail,NYSE,PMO,CO
383,Branch C,Ethelind Hallihan,230-404-7064,8/18/2000,University,NASDAQ,POWI,ID
384,Branch A,Masha Blumer,164-821-7949,4/12/2010,University,NASDAQ,IBUY,UA
385,Branch C,Daffi Sarney,278-713-2282,7/21/2002,Corporate,NASDAQ,FAAR,SE
386,Branch B,Renault Hellwich,121-863-3360,9/21/2020,University,NASDAQ,POLA,EC
387,Branch A,Orren Daveran,697-389-0986,1/23/2003,Corporate,NASDAQ,EARS,HK
388,Branch A,Renaud Kettlewell,959-532-9899,5/7/2020,Retail,NYSE,ZTS,CN
389,Branch B,Bianka Hares,566-391-9602,1/29/2008,Retail,NYSE,GOL,NI
390,Branch C,Louella Calderon,489-475-4636,11/23/2010,University,NYSE,HZO,AR
391,Branch B,Harris McMeyler,759-279-0444,11/23/2019,University,NYSE,DTLA^,CN
392,Branch C,Minnie Conradie,754-437-9320,1/15/2016,Retail,NYSE,NLSN,FR
393,Branch C,Pansie O'Driscoll,555-867-7157,7/1/2017,Retail,NASDAQ,XGTI,LT
394,Branch B,Kingsly Vasiltsov,566-297-9598,12/2/2005,Retail,NYSE,JBK,BR
395,Branch C,Tiffany Rogge,407-946-8701,11/1/2009,Corporate,NYSE,GEL,CN
396,Branch B,Jaquelin Dowling,252-860-5445,12/26/2014,Corporate,NASDAQ,LMRKO,ID
397,Branch A,Milli Shetliff,900-889-4408,5/16/2016,University,NASDAQ,CSA,HN
398,Branch B,Darya Matthiesen,393-980-9263,7/31/2013,Retail,NYSE,THR,CF
399,Branch C,Felicdad Dwelling,840-215-4358,3/22/2013,University,NYSE,JBL,PL
400,Branch B,Pippo Saunier,195-890-3228,9/12/2009,University,NASDAQ,ESES,RU
401,Branch B,Cathy Bloxholm,804-215-4284,7/31/2006,University,NASDAQ,WMGIZ,RU
402,Branch A,Siana Wadforth,666-781-1636,12/27/2010,Retail,NYSE,AQN,RU
403,Branch B,Dalton Keyworth,350-371-3380,9/21/2001,University,NYSE,CMS^B,IR
404,Branch B,Domini Gareisr,563-955-7226,10/16/2010,Corporate,NYSE,PKE,IR
405,Branch A,Bathsheba Davidovicz,362-773-5009,1/19/2005,Retail,NYSE,FBP,CN
406,Branch A,Rhianna Fitchell,827-273-1322,4/10/2018,Retail,NYSE,NCR,ID
407,Branch A,Bord Keedwell,354-221-8682,11/20/2005,University,NYSE,FCFS,GH
408,Branch A,Connie Poley,854-679-2207,6/20/2011,Corporate,NASDAQ,JCTCF,CO
409,Branch B,Nissie Collough,734-398-9905,12/8/2001,Retail,NYSE,BGG,BR
410,Branch C,Lyman Tombling,883-855-8105,2/22/2016,Retail,NYSE,SNE,RU
411,Branch A,Fleming Jaukovic,328-169-7184,11/20/2017,Corporate,NYSE,NLY^E,CN
412,Branch B,Rafa Maass,666-942-7459,11/8/2012,Retail,NASDAQ,PERY,CN
413,Branch A,Orbadiah Wiggington,219-314-9519,4/23/2020,Retail,NASDAQ,XGTIW,PH
414,Branch C,Cullen Grigolon,241-874-8052,9/19/2011,Corporate,NASDAQ,HFBL,BR
415,Branch C,Tobie Rzehorz,568-418-1105,6/30/2018,Retail,NYSE,AIY,FR
416,Branch B,Gardiner Hawk,523-380-8057,7/13/2002,Retail,NYSE,PRGO,SE
417,Branch B,Hammad Swanborrow,586-417-3800,3/9/2002,Corporate,NASDAQ,MIME,BR
418,Branch C,Adah Axtonne,579-424-9659,9/21/2018,Corporate,NYSE,HY,CN
419,Branch A,Jeremy Astbery,244-838-6075,12/12/2004,University,NASDAQ,SQQQ,ID
420,Branch A,Blondy Macconaghy,786-806-7762,11/3/2011,University,NASDAQ,ZAIS,BR
421,Branch B,Waylen Turfitt,436-467-5174,2/13/2010,Corporate,NASDAQ,BIVV,CN
422,Branch C,Cordelie Beat,102-442-3718,8/5/2020,University,NASDAQ,GSOL,MX
423,Branch A,Pru Willment,672-736-1939,1/28/2022,University,NYSE,CEL,GD
424,Branch C,Alena Barttrum,930-309-3665,4/23/2005,University,NYSE,IVZ,PH
425,Branch B,Sileas Gislebert,258-576-6171,8/11/2021,Retail,NASDAQ,ATLC,BY
426,Branch A,Kristofer Loutheane,585-468-5465,4/14/2017,Retail,NYSE,IVR^A,NL
427,Branch C,Zaria Stenning,280-127-0866,8/24/2007,Retail,NASDAQ,GSUM,EH
428,Branch B,Yalonda Schaben,522-363-2264,7/8/2021,Retail,NYSE,MC,JP
429,Branch C,Austina Downes,393-145-1421,11/21/2009,Corporate,NYSE,GLOG,MX
430,Branch C,Chloette Farres,704-766-4215,3/22/2002,University,NYSE,EC,US
431,Branch A,Glenine Deakins,998-438-5741,1/16/2019,University,NASDAQ,RP,HR
432,Branch B,Angelika Squibe,182-545-2382,10/7/2022,University,NYSE,IDT,ID
433,Branch C,Trumann Ledrun,126-928-5676,12/28/2014,University,NASDAQ,ONVI,KR
434,Branch B,Tobi Hunting,290-121-6030,11/11/2019,Corporate,NYSE,GLP,AM
435,Branch A,Myrlene Pitherick,818-420-9257,10/6/2011,Corporate,NYSE,JRO,PH
436,Branch A,Sid Couthard,308-490-6306,7/14/2011,Retail,NASDAQ,CUTR,ID
437,Branch C,Dela Reaveley,764-609-1071,4/13/2010,University,NASDAQ,SNSR,CN
438,Branch A,Steffie Spridgeon,403-441-3050,12/1/2008,Corporate,NASDAQ,BLVDU,MX
439,Branch A,Rani Hexam,455-319-4764,5/8/2017,Corporate,NYSE,AEO,VN
440,Branch A,Sidonia Friel,401-333-5334,1/14/2016,Corporate,NASDAQ,XGTIW,RU
441,Branch C,Harland Rintoul,140-119-4492,4/9/2016,University,NASDAQ,HTGM,CZ
442,Branch A,Giana Meneo,451-882-8873,11/20/2008,University,NYSE,DHX,PL
443,Branch B,Grace Beagrie,970-278-3552,10/2/2007,University,NYSE,KREF,PT
444,Branch C,Eduino Langmead,148-960-3666,8/6/2019,University,NASDAQ,LEDS,CO
445,Branch A,Ross Stilly,200-508-2554,6/27/2012,Corporate,NASDAQ,PFIE,PL
446,Branch A,Damon Kegan,399-102-3888,12/6/2000,Retail,NASDAQ,OHRP,CA
447,Branch C,Thibaud Lezemere,727-838-3626,5/20/2015,University,NYSE,QHC,PH
448,Branch C,Therese Vanyakin,832-615-2786,10/10/2008,Retail,NYSE,AMH^F,ID
449,Branch C,Mannie Sproat,901-482-9032,1/30/2007,University,NYSE,NNI,CN
450,Branch B,Yankee Hellens,645-557-1574,4/25/2010,Corporate,NASDAQ,MATR,PH
451,Branch C,Maury Lacoste,872-744-7060,6/2/2020,Retail,NYSE,EVHC,JO
452,Branch C,Iorgo Syers,841-758-0033,8/18/2018,Corporate,NYSE,FDC,PE
453,Branch B,Yelena Laurentino,894-555-8578,2/26/2007,University,NYSE,SVU,CA
454,Branch A,Conan Calliss,256-963-6233,6/24/2014,Corporate,NASDAQ,ESLT,FR
455,Branch B,Roanne Tidbold,965-470-3721,1/12/2003,Corporate,NASDAQ,EWZS,CN
456,Branch A,Ikey Decruse,544-737-4452,8/29/2001,University,NASDAQ,SPOK,ID
457,Branch C,Rollin Wolfendale,784-554-4312,9/23/2010,University,NASDAQ,NBEV,CZ
458,Branch B,Helaine Ciccone,156-228-0054,5/27/2021,Corporate,NYSE,TDC,PH
459,Branch A,Christin Ring,434-635-3360,1/22/2020,University,NASDAQ,VDSI,CZ
460,Branch A,Quincey Gallacher,103-614-3856,9/14/2003,Corporate,NYSE,RGA,CA
461,Branch C,Gearalt Kowalik,117-332-0047,3/1/2022,Corporate,NYSE,BMA,VE
462,Branch B,Evyn Greep,784-510-9307,8/7/2005,Corporate,NYSE,WEC,ID
463,Branch B,Penelopa Veque,903-489-4766,8/8/2011,Retail,NYSE,LB,SE
464,Branch C,Bernice Sorley,684-570-0579,2/21/2010,University,NASDAQ,DFRG,CN
465,Branch C,Ansel Pace,917-181-6804,2/8/2000,Retail,NASDAQ,ONTXW,CN
466,Branch A,Lauralee Mateja,701-512-8359,10/4/2015,University,NASDAQ,ITEQ,MX
467,Branch C,Bobby Messom,293-442-1196,7/14/2019,Corporate,NYSE,RF^B,ID
468,Branch C,Mercie Filipyev,172-594-3408,2/3/2012,University,NYSE,VJET,MX
469,Branch A,Dennis Petters,629-425-3384,8/11/2015,Corporate,NYSE,SFL,NG
470,Branch C,Jobye Castro,688-937-6955,4/13/2019,Retail,NASDAQ,HALL,CN
471,Branch A,Terrell Naisbet,568-739-6826,8/24/2007,Retail,NYSE,KFN^,FR
472,Branch C,Archibold Trees,114-105-5085,4/26/2012,Retail,NYSE,GFA,CN
473,Branch C,Ignaz Chaster,378-943-4304,8/10/2008,Corporate,NASDAQ,SLMBP,SY
474,Branch C,Grazia Chiplen,899-172-3569,5/3/2021,Corporate,NASDAQ,IPAS,PE
475,Branch A,Brendis Simonds,952-218-4542,11/9/2001,University,NASDAQ,TANH,IT
476,Branch C,Stephanus Banghe,542-537-4244,2/2/2004,Retail,NYSE,NLY^A,IR
477,Branch A,Corliss Birmingham,117-383-1361,12/30/2015,Retail,NYSE,MLP,CI
478,Branch A,Vania Ielden,827-926-4148,3/14/2012,University,NASDAQ,CPLP,RU
479,Branch C,Avrit Ridsdole,934-264-3845,1/5/2010,Corporate,NYSE,IGI,BJ
480,Branch B,Gregoor Yorke,883-544-6140,3/13/2013,Retail,NASDAQ,AIMT,UG
481,Branch B,Hewitt McAloren,164-407-2084,12/24/2005,Retail,NYSE,CVRR,ID
482,Branch C,Catlin Di Maria,164-347-3148,8/27/2005,Retail,NYSE,SSD,TN
483,Branch B,Biron Ogborne,946-302-1859,9/6/2022,University,NASDAQ,OCRX,PT
484,Branch C,Brunhilde Haddow,307-581-6714,9/27/2020,Corporate,NASDAQ,HRMNU,CN
485,Branch B,Erv Rantoul,319-521-2531,5/1/2020,University,NYSE,BCO,ID
486,Branch B,Alfreda Bonnaire,937-573-9496,10/21/2003,Corporate,NYSE,JHD,TJ
487,Branch B,Jaquelyn Gallemore,546-907-0039,6/5/2017,Corporate,NYSE,PNW,CN
488,Branch C,Rusty Avramov,337-119-1329,12/14/2010,Retail,NYSE,LUK,CO
489,Branch A,Freda Waghorne,511-261-5329,4/9/2012,Retail,NYSE,LMHB,CN
490,Branch A,Elke Tinton,486-276-6651,1/8/2009,Corporate,NYSE,PIR,CO
491,Branch C,Alfy Satchell,246-163-5419,3/18/2011,Corporate,NASDAQ,STPP,PH
492,Branch C,Felicle Formoy,700-869-4368,10/13/2011,Corporate,NASDAQ,LABL,UA
493,Branch B,Leonelle Padefield,546-814-9284,6/8/2016,University,NYSE,TRMR,ET
494,Branch A,Linnea Pardie,592-862-9163,10/17/2019,University,NYSE,DTJ,CN
495,Branch B,Gardiner Elleyne,803-228-5325,9/8/2007,Corporate,NYSE,GSL,BR
496,Branch A,Manny Tidder,467-104-0081,7/7/2009,Corporate,NYSE,GDL^B,KE
497,Branch A,Nannette Vossgen,873-430-4805,7/12/2011,Corporate,NASDAQ,ASTE,FR
498,Branch B,Carlina Hinz,659-984-2253,10/6/2017,Corporate,NASDAQ,AAL,ID
499,Branch C,Barron Enoksson,211-585-6993,6/17/2000,University,NASDAQ,AKTX,PH
500,Branch C,Harland Clendening,533-867-1954,3/19/2021,University,NASDAQ,RPRX,PL
501,Branch A,Sayre McMinn,620-365-0041,7/8/2019,Retail,NASDAQ,LGND,JP
502,Branch C,Rivalee Lusgdin,311-566-4422,5/16/2018,Corporate,NASDAQ,PFIS,CN
503,Branch A,Waylon Bouttell,746-983-2584,5/9/2013,Corporate,NYSE,RNR^C,CU
504,Branch B,Jocelyne Braybrooks,873-140-1629,3/28/2018,Retail,NYSE,CM,LT
505,Branch B,Tierney Jiruca,562-208-9255,5/17/2012,University,NYSE,EDF,ID
506,Branch B,Cherilynn Dunseath,950-601-9289,9/5/2010,Retail,NASDAQ,BFIN,PK
507,Branch C,Anjela Sims,705-217-7692,2/24/2012,University,NASDAQ,TICC,DE
508,Branch B,Basilio Ciccarello,619-443-6714,10/25/2005,Retail,NYSE,KSM,VN
509,Branch B,Benyamin Voaden,590-101-3850,2/21/2007,Corporate,NASDAQ,FRBK,BO
510,Branch C,Valentia Ennew,458-986-1799,10/22/2011,Corporate,NYSE,TUP,CN
511,Branch C,Antonio Tarbath,523-965-5621,2/28/2010,University,NASDAQ,FTW,FR
512,Branch B,Damiano Durbin,425-973-4187,4/18/2021,Corporate,NASDAQ,SAFT,CN
513,Branch C,Leanora Lanchberry,622-851-3004,1/10/2013,Retail,NASDAQ,HAIN,ID
514,Branch B,Joelynn Quilkin,308-481-2111,5/3/2019,Corporate,NASDAQ,PLW,FR
515,Branch B,Nathanael Tapton,155-500-4746,6/3/2010,Corporate,NYSE,BRC,CO
516,Branch C,Kaiser Blythe,912-158-3004,3/21/2016,Corporate,NASDAQ,XLRN,PT
517,Branch A,Letta Bluett,498-633-3761,4/13/2006,Retail,NYSE,BLL,SE
518,Branch C,Nat Wise,984-750-3716,12/27/2005,Retail,NYSE,SKT,AL
519,Branch B,Carr Matchell,860-132-2740,2/25/2004,University,NYSE,PHK,CN
520,Branch C,Dwight Clacson,875-449-9398,6/27/2008,Retail,NYSE,BXC,KE
521,Branch B,Rikki Sharple,309-813-0261,4/10/2016,Retail,NYSE,JW.B,BR
522,Branch C,Kristo Macconachy,383-660-2132,11/25/2001,Retail,NYSE,ARDC,TZ
523,Branch B,Batsheva Boast,814-389-3382,7/2/2012,Corporate,NASDAQ,DCOM,TZ
524,Branch B,Rois Marnane,146-407-7058,2/28/2006,University,NASDAQ,EA,RU
525,Branch C,Rosco Meecher,875-199-2152,10/10/2011,Corporate,NASDAQ,JXSB,BR
526,Branch C,Lorianne Blaschek,355-217-5162,8/24/2020,Corporate,NYSE,GJO,SE
527,Branch C,Lauri Crinage,969-425-7528,3/16/2020,University,NYSE,GOL,CO
528,Branch A,Gardie Dyter,130-970-2508,4/13/2008,Retail,NASDAQ,CEMI,RU
529,Branch A,Elyse Southers,276-723-2563,11/11/2002,Retail,NASDAQ,DTUS,RU
530,Branch C,Doti Fidgett,243-960-4656,10/12/2000,Retail,NYSE,CFG,CZ
531,Branch C,Margo Birdwistle,594-293-9101,6/4/2018,University,NYSE,NMT,CO
532,Branch C,Carey Ondrak,206-663-9065,9/13/2015,University,NYSE,NJR,RU
533,Branch B,Bartholomeus Albro,213-362-0732,2/18/2000,University,NYSE,NTP,US
534,Branch A,Shandie Digger,745-731-6529,10/20/2022,Retail,NYSE,THS,CZ
535,Branch C,Lyndel Ianitti,274-251-6280,9/8/2003,University,NYSE,GGM,HR
536,Branch A,Melisent Colquite,569-291-1854,7/7/2005,Corporate,NYSE,JAX,PH
537,Branch A,Berky Hehir,521-138-1872,4/16/2007,Corporate,NASDAQ,PBIP,MG
538,Branch B,Adi Emmines,408-665-5640,4/25/2002,Corporate,NYSE,WNS,BY
539,Branch B,Roxanna Babalola,125-404-2556,1/16/2017,Corporate,NASDAQ,BLPH,PH
540,Branch B,Marys Nixon,838-320-3034,10/3/2003,Retail,NASDAQ,KBWP,RU
541,Branch B,Alameda Allwell,913-967-4458,11/17/2020,Retail,NYSE,NGS,PA
542,Branch A,Spencer Strute,391-426-0796,7/26/2016,Retail,NASDAQ,DJCO,CZ
543,Branch C,Levi Brockwell,426-370-2455,1/7/2017,Corporate,NYSE,AXE,EE
544,Branch A,Augy Bordes,508-709-3771,5/1/2012,University,NYSE,DSW,ID
545,Branch B,Wayland Yersin,692-363-1704,10/27/2007,University,NASDAQ,LTEA,PT
546,Branch C,Teresina Bruck,495-823-9445,11/1/2006,Corporate,NASDAQ,HIMX,VN
547,Branch A,Horatius Saker,631-690-5708,1/2/2005,University,NASDAQ,CNIT,RU
548,Branch B,Kittie Jollie,692-950-4075,4/18/2009,Retail,NYSE,ANET,UA
549,Branch A,Dolly Huxstep,590-817-1187,10/29/2006,Corporate,NYSE,RUBI,ID
550,Branch B,Imogene Buxcey,625-714-3246,6/18/2017,Retail,NYSE,EARN,PT
551,Branch B,Eleen Nockalls,217-121-6995,3/5/2018,Retail,NASDAQ,XBKS,ID
552,Branch C,Meghan Allebone,642-611-0548,8/26/2004,Corporate,NYSE,HQL,PL
553,Branch B,Mallorie Leibold,803-318-1339,4/22/2019,Corporate,NASDAQ,TRMB,TM
554,Branch C,Mackenzie Shackelton,542-834-3249,6/18/2001,Corporate,NYSE,JE^A,PH
555,Branch C,Grete Burns,555-317-3898,3/20/2014,Retail,NASDAQ,GENE,CN
556,Branch A,Pearce Clunan,759-645-4997,9/20/2002,Corporate,NASDAQ,CORI,SE
557,Branch C,Ariela Gibbs,367-375-1645,4/5/2005,Corporate,NYSE,TWX,MK
558,Branch B,Myles Rivel,811-848-8296,10/14/2014,Corporate,NYSE,QTS,PL
559,Branch B,Maurice Friskey,591-646-5273,5/22/2009,Retail,NYSE,TGH,PL
560,Branch B,Mollie Lavens,221-387-7594,5/7/2004,Corporate,NYSE,AZRE,CN
561,Branch A,Neron Shead,694-720-0784,11/14/2014,University,NASDAQ,AINV,ID
562,Branch B,Granville Adess,543-989-1742,7/15/2003,Retail,NASDAQ,CNTY,CN
563,Branch C,Hedvige Rawson,321-426-7067,11/23/2011,University,NYSE,BHE,FR
564,Branch C,Jillie Padfield,633-946-4115,3/22/2009,Corporate,NYSE,SAM,PT
565,Branch C,Paton Budgey,297-958-9462,5/14/2020,University,NASDAQ,CLACU,CN
566,Branch A,Leena Sulland,556-828-7910,8/26/2021,Retail,NYSE,GRX^A,PE
567,Branch A,Haze Sinnocke,134-673-2087,10/30/2018,Corporate,NASDAQ,YDIV,SR
568,Branch C,Lotte Frick,331-478-7138,5/16/2010,University,NYSE,IRET^B,ID
569,Branch C,Christa Witchell,158-170-7319,5/27/2022,University,NASDAQ,UNAM,ID
570,Branch B,Annetta Haddock,794-159-8969,4/12/2008,University,NASDAQ,EVOL,CN
571,Branch B,Maiga Agnolo,678-716-2431,9/25/2005,Retail,NASDAQ,SCHN,CN
572,Branch C,Kalie Gollin,402-546-0900,12/31/2021,Retail,NASDAQ,CFBI,CN
573,Branch A,Murdock Kirby,720-215-8511,9/24/2012,University,NASDAQ,TNAV,GR
574,Branch A,Millicent Keeffe,451-957-7854,3/28/2020,Corporate,NYSE,TCAP,CN
575,Branch C,Matty Langran,158-392-1730,8/8/2006,Corporate,NYSE,ZTS,PK
576,Branch C,Coraline Cullagh,724-898-9270,4/16/2022,Retail,NASDAQ,CHNR,CZ
577,Branch C,Chrystal Silversmid,948-202-1291,9/29/2012,Retail,NYSE,GATX,CN
578,Branch C,Kelsy Wevell,414-577-8803,11/5/2000,University,NYSE,GAM^B,ZA
579,Branch C,Lev Grishanin,819-340-2493,11/20/2017,Corporate,NYSE,CBPX,PL
580,Branch B,Katlin Kubalek,509-234-1308,5/27/2021,Retail,NASDAQ,CRME,RU
581,Branch A,Ursula Wrigley,490-570-0543,5/11/2017,Corporate,NASDAQ,EQBK,RU
582,Branch C,Deedee Rother,530-805-3467,9/12/2000,University,NASDAQ,WDFC,ZW
583,Branch B,Wally Canario,807-658-6469,9/16/2017,University,NYSE,BDJ,BR
584,Branch B,Sebastien Feige,268-718-8126,11/1/2004,University,NASDAQ,SMCI,ID
585,Branch C,Jereme Strawbridge,909-736-8392,4/5/2010,Corporate,NASDAQ,ATRC,PT
586,Branch C,Claribel Buxcey,895-771-6759,9/6/2020,University,NASDAQ,FOMX,CN
587,Branch A,Jdavie Hoffmann,480-335-1346,8/3/2006,Corporate,NASDAQ,KLIC,PL
588,Branch C,Constantin Peirone,173-348-6310,9/14/2003,University,NASDAQ,WIN,LA
589,Branch B,Fred Benwell,378-152-3751,2/21/2011,Retail,NASDAQ,OTEL,CN
590,Branch C,Vita Siege,536-348-6370,4/21/2009,University,NYSE,SNDR,PH
591,Branch B,Logan Bridgeland,380-615-1450,7/25/2011,Corporate,NASDAQ,HQY,CN
592,Branch A,Tommi Dubois,461-341-5902,7/28/2016,Corporate,NYSE,CTU,LV
593,Branch A,Lenora Vasenkov,988-462-5543,4/13/2021,Retail,NASDAQ,ZYNE,KE
594,Branch A,Jone Impey,395-367-4763,3/21/2012,University,NASDAQ,SAFT,NI
595,Branch B,Nomi Roseaman,284-911-5655,1/25/2004,Corporate,NYSE,AXR,RS
596,Branch A,Phil Stratley,681-602-5414,11/26/2018,Corporate,NYSE,JMEI,UA
597,Branch B,Cassy Kapelhof,517-864-7130,7/8/2000,Corporate,NASDAQ,BRCD,LU
598,Branch C,Emelia Morrieson,659-468-9556,9/28/2012,Corporate,NASDAQ,MOGLC,ID
599,Branch C,Kandace Cammell,591-138-9311,9/30/2015,Corporate,NYSE,APU,PH
600,Branch A,Shell Zuann,480-424-1722,5/1/2018,Retail,NASDAQ,CALL,SE
601,Branch C,Umberto Goutcher,207-923-4326,3/12/2020,University,NASDAQ,INTX,PH
602,Branch B,Benjie Iglesia,119-837-3813,9/8/2011,University,NYSE,TAC,SE
603,Branch B,Terra Pomfrett,456-424-0284,11/15/2006,Retail,NASDAQ,SGQI,CN
604,Branch B,Corabel Myall,397-818-4527,10/12/2007,Corporate,NASDAQ,CTXS,AF
605,Branch A,Itch Toland,204-737-2265,8/23/2012,Corporate,NYSE,PSA^V,IR
606,Branch A,Nicky Vallender,935-167-9684,10/9/2018,University,NASDAQ,FTRI,PT
607,Branch C,Annette Halhead,261-963-4749,11/16/2011,Corporate,NASDAQ,DMRC,HR
608,Branch A,Cassius Pearn,266-955-0600,5/25/2019,University,NYSE,CEM,CN
609,Branch C,Allix Gowlett,773-949-2595,6/13/2002,Corporate,NASDAQ,RGEN,CN
610,Branch C,Heddi Clemont,100-254-0610,3/5/2008,Retail,NASDAQ,AGFSW,ID
611,Branch B,Demetre Cawker,643-147-4953,7/10/2022,Corporate,NYSE,HBI,CN
612,Branch A,Artie Gotts,984-350-9763,11/30/2007,Retail,NASDAQ,RFEM,FI
613,Branch C,Mohammed Dummigan,867-221-1061,3/21/2000,University,NASDAQ,CLNT,PT
614,Branch A,Carree Corington,150-173-9971,2/16/2007,Retail,NYSE,PEO,AR
615,Branch A,Lee Tal,794-772-5049,4/20/2014,Retail,NYSE,PFL,CV
616,Branch C,Berkly Quainton,493-792-1511,2/1/2008,Retail,NYSE,DLR^G,CR
617,Branch A,Nicki Drinkall,132-714-0315,8/17/2003,University,NYSE,FN,PH
618,Branch B,Christie Archbold,423-422-2672,10/6/2020,Corporate,NASDAQ,YLCO,HU
619,Branch C,Reeva Sprulls,442-180-2429,8/17/2019,Corporate,NASDAQ,USOI,CN
620,Branch C,Alfy Beswell,757-360-4409,11/7/2004,University,NASDAQ,AHGP,PA
621,Branch A,Ailsun Lambdin,259-101-4895,8/9/2007,Corporate,NYSE,MTL,ID
622,Branch C,Myrtle Robic,860-240-5249,3/30/2019,Retail,NYSE,HLF,TH
623,Branch C,Jarrid Danilowicz,619-841-9006,1/30/2022,Corporate,NASDAQ,MANH,PH
624,Branch C,Angie Grove,542-244-5761,8/20/2017,Retail,NYSE,DHT,IE
625,Branch B,Rodge Pitson,199-775-0423,11/16/2015,Retail,NYSE,SXT,PT
626,Branch A,Delila Bygott,863-658-3257,9/16/2022,Corporate,NASDAQ,FATE,CN
627,Branch C,Jacenta Haskew,189-906-3191,8/23/2019,Corporate,NYSE,FMX,FR
628,Branch C,Leda Pykett,914-148-5252,12/17/2009,Corporate,NYSE,BHVN,PT
629,Branch A,Pietro Hofner,239-993-3604,9/25/2004,Retail,NYSE,TK,JP
630,Branch B,Si Goodere,328-944-2300,12/21/2002,Retail,NYSE,FRC^G,DO
631,Branch A,Maurine Burborough,912-561-2184,1/22/2016,Corporate,NYSE,SHG,BW
632,Branch A,Stanton Stephens,370-214-0047,11/27/2005,Retail,NYSE,TPVG,CN
633,Branch B,Eddy Innett,315-906-9058,6/13/2021,University,NASDAQ,QINC,PK
634,Branch C,Granny Fetterplace,280-587-2886,11/30/2008,Retail,NASDAQ,EMCF,UG
635,Branch A,Grange Calderon,411-298-4558,2/20/2001,Corporate,NASDAQ,ADUS,IT
636,Branch A,Barrie Gilcrist,259-253-1933,3/23/2022,University,NASDAQ,GNUS,VE
637,Branch A,Edwina Wyman,302-773-6514,7/15/2005,Retail,NASDAQ,SGMO,US
638,Branch C,Torey Flucks,474-857-7048,8/4/2005,Corporate,NASDAQ,CPLP,CN
639,Branch B,Tersina Innman,913-516-6083,8/20/2019,Retail,NYSE,WPXP,CN
640,Branch B,Barny Gales,465-331-9446,4/25/2006,Corporate,NASDAQ,NVDQ,TH
641,Branch A,Bran Dautry,630-232-6027,10/11/2004,Corporate,NASDAQ,CARV,ID
642,Branch A,Bayard Plaster,472-683-5862,12/13/2010,Retail,NASDAQ,NVFY,PY
643,Branch B,Danita Carrell,585-343-2686,6/8/2015,University,NASDAQ,PXLW,NO
644,Branch C,Lindsay Maier,613-158-0290,1/27/2011,Corporate,NASDAQ,BSQR,CN
645,Branch B,Lauritz Gantley,437-459-4024,1/29/2014,Retail,NYSE,BML^J,ID
646,Branch A,Micki Sholl,775-704-9793,9/30/2022,Corporate,NASDAQ,DLBL,ID
647,Branch C,Coretta Dreger,971-395-9816,9/13/2022,Retail,NYSE,MD,PH
648,Branch C,Candis Barter,103-548-5843,9/7/2017,Corporate,NYSE,GEN           ,ID
649,Branch A,Norby Shelley,888-644-2413,10/2/2005,Retail,NYSE,KYO,CN
650,Branch B,Edgard Jukubczak,151-394-5403,5/25/2016,Corporate,NYSE,TY,NG
651,Branch B,Brooke Bottell,883-144-9664,10/14/2002,Corporate,NYSE,WSO.B,PT
652,Branch B,Bayard Ablott,860-381-5059,4/6/2005,University,NASDAQ,HUBG,CN
653,Branch B,Elayne Pitway,513-291-4913,8/6/2019,Retail,NASDAQ,RNWK,CZ
654,Branch C,Woodman Druhan,347-776-9452,1/7/2002,Retail,NASDAQ,RNWK,VE
655,Branch A,Atlante Eccersley,558-914-7364,4/22/2004,Retail,NASDAQ,INAP,LT
656,Branch A,Donielle Pendrick,481-201-7199,7/18/2015,Retail,NASDAQ,HA,ID
657,Branch B,Edlin Catcheside,409-180-0947,2/5/2013,University,NASDAQ,SIVBO,BG
658,Branch C,Basile Meanwell,121-936-0094,9/26/2011,Corporate,NASDAQ,COOL,VN
659,Branch C,Ardeen Fonzo,494-438-7590,5/30/2002,University,NASDAQ,CNET,MX
660,Branch C,Beau Trevithick,129-766-5041,5/24/2010,Corporate,NYSE,PKD,SE
661,Branch C,Shirlene Klausewitz,160-751-2594,10/18/2010,Corporate,NASDAQ,BPTH,ID
662,Branch A,Moises Branney,163-894-3729,6/6/2012,Corporate,NASDAQ,SKYW,RS
663,Branch B,Honor McGrane,931-470-6224,4/20/2016,Retail,NYSE,JW.B,BW
664,Branch A,Edeline Silkston,852-213-1457,3/12/2013,University,NYSE,LSI,ID
665,Branch B,Boycey Prin,186-399-6973,4/29/2021,University,NASDAQ,ESRX,RU
666,Branch C,Hamil Banfill,592-638-4359,7/20/2016,Corporate,NYSE,CLNS^A.CL,UA
667,Branch A,Tiffani Gorusso,241-753-3636,10/3/2013,Corporate,NYSE,ALP^O,ID
668,Branch B,Amalie Shortan,973-110-0106,12/23/2011,Corporate,NYSE,KNL,PT
669,Branch C,Cornelia Poag,768-899-2442,1/1/2016,Retail,NYSE,MATX,CN
670,Branch A,Brigham Gorgl,428-315-2131,7/29/2020,University,NASDAQ,BICK,CN
671,Branch C,Neile Tremaine,156-149-7589,3/17/2006,Retail,NASDAQ,TSC,CN
672,Branch C,Frayda Westnage,455-902-7922,4/5/2002,Corporate,NYSE,MQY,FR
673,Branch A,Meryl Mosten,636-859-5817,3/22/2003,University,NYSE,NCA,UY
674,Branch C,Jackquelin Torricella,254-281-6426,5/3/2000,Corporate,NYSE,TPX,SY
675,Branch B,Earl Meakes,335-943-6153,11/24/2010,Corporate,NYSE,HES^A,JP
676,Branch C,Norman Extence,720-963-4131,11/6/2002,Retail,NASDAQ,CVGI,PL
677,Branch A,Maribel Pinder,648-830-8449,12/20/2008,Retail,NASDAQ,TPIC,PT
678,Branch B,Tonye Latta,759-900-4351,2/14/2003,University,NYSE,TAHO,FR
679,Branch C,Emelda Bartlomiejczyk,497-421-0807,12/24/2018,Retail,NYSE,THQ,CZ
680,Branch A,Antonino MacCoughan,576-754-4297,3/3/2012,Corporate,NYSE,OCIP,LU
681,Branch C,Gigi Mournian,666-324-7845,1/7/2011,Corporate,NYSE,ZTO,ID
682,Branch C,Brendis Oattes,590-263-5206,8/16/2017,University,NYSE,CAJ,BA
683,Branch B,Bird Leveritt,719-602-8981,5/17/2019,Retail,NASDAQ,PBMD,PT
684,Branch C,Kiele Deare,598-958-6355,6/16/2005,Retail,NASDAQ,RNDB,MD
685,Branch C,Willi Canniffe,214-856-1276,2/22/2020,Retail,NYSE,AFSI^A,CN
686,Branch B,Jeth Pilmore,914-202-4863,8/21/2005,Corporate,NYSE,AXP,CN
687,Branch C,Peggie McCrone,147-830-6610,11/29/2016,University,NASDAQ,EVK,BF
688,Branch B,Mellicent Gallo,870-356-4920,6/27/2018,Corporate,NASDAQ,SYNA,CN
689,Branch A,Erin Buckingham,293-793-7693,12/27/2010,Retail,NASDAQ,LMRKP,CN
690,Branch C,Chrissie Pretley,941-104-3927,10/14/2001,University,NASDAQ,FTD,DO
691,Branch C,Cyril Tooze,726-125-1225,8/14/2017,Corporate,NASDAQ,GLBZ,CN
692,Branch B,Baxie Lunge,323-139-9295,9/16/2007,Corporate,NYSE,PSB^W,CN
693,Branch B,Luci Kyndred,656-851-3800,6/16/2021,Retail,NASDAQ,OREX,FI
694,Branch A,Albertine Beckham,330-402-6928,5/20/2015,Corporate,NYSE,SDLP,RU
695,Branch C,Juanita Grene,535-898-5375,9/19/2015,Retail,NYSE,WEC,ES
696,Branch A,Wayne Cline,235-236-8156,2/1/2005,University,NYSE,HTH,CN
697,Branch B,Jackquelin Spehr,254-382-2304,5/25/2008,Retail,NASDAQ,FISI,SE
698,Branch A,Mervin Bleddon,145-338-7252,2/14/2001,Retail,NYSE,CINR,PS
699,Branch A,Paulina Nutten,147-323-2779,5/27/2009,Corporate,NYSE,JSD,FR
700,Branch B,Rik Stenett,280-243-9140,6/13/2013,Corporate,NASDAQ,PFLT,ID
701,Branch A,Loretta Burds,837-197-2903,7/10/2011,University,NASDAQ,CELG,PH
702,Branch A,Shalne Ghirardi,406-742-4617,9/6/2002,University,NASDAQ,CCXI,ID
703,Branch A,Ximenes Whylie,430-906-3422,1/22/2005,Retail,NASDAQ,OXLC,CN
704,Branch A,Kally Vella,251-268-4214,12/3/2013,Corporate,NYSE,JMP,FR
705,Branch B,Janka Grosvenor,428-768-4860,3/2/2004,University,NYSE,AMOV,BA
706,Branch A,Kaiser Walcar,115-622-8935,8/8/2020,University,NASDAQ,FKO,CN
707,Branch C,Cristal Riolfo,760-247-9792,2/22/2017,University,NYSE,VALE.P,CN
708,Branch B,Esme Schaffler,794-911-9274,2/8/2005,Corporate,NYSE,CIA,CN
709,Branch A,Delmore Steventon,139-260-9682,9/15/2007,University,NASDAQ,MIME,SL
710,Branch A,Elita Troup,287-663-3521,9/3/2019,Corporate,NYSE,MD,RU
711,Branch A,Ruthe Cadlock,644-158-2808,4/25/2016,Corporate,NASDAQ,CNIT,ID
712,Branch B,Carmon Dominelli,213-564-1140,5/20/2008,Retail,NYSE,MGM,BR
713,Branch B,Felipa Wayvill,854-241-5342,9/12/2014,University,NYSE,VLY^A,NG
714,Branch C,Pammy Osgordby,830-399-9819,3/17/2021,University,NYSE,PGTI,ID
715,Branch B,Nicol Negal,340-765-4526,4/25/2001,University,NYSE,ADNT,PE
716,Branch A,Culley Yurtsev,325-847-0886,11/11/2004,University,NASDAQ,NVTR,JP
717,Branch C,Guy Polotti,463-825-6116,2/20/2020,Retail,NASDAQ,SMTX,CN
718,Branch B,Zeb Domerq,753-827-2892,3/10/2020,University,NYSE,EPC,ID
719,Branch B,Jemmy Sandwith,473-678-3446,7/10/2013,University,NASDAQ,BPOPN,FR
720,Branch A,Krisha Firpi,677-213-3464,11/26/2014,University,NYSE,LNC,CN
721,Branch C,Siward Snelman,357-251-1775,10/27/2014,Retail,NYSE,SOL,ID
722,Branch B,Anetta Dudden,322-130-3923,1/19/2001,Corporate,NYSE,GYC,PL
723,Branch B,Megen Leap,153-727-1867,4/3/2012,University,NYSE,SCHW^D,ID
724,Branch B,Petra Beche,212-997-7279,3/24/2009,University,NYSE,ALR,RU
725,Branch A,Rosamond Espinay,649-236-5229,3/25/2015,University,NYSE,DLB,AL
726,Branch B,Merline Eshmade,328-501-5978,10/23/2003,Corporate,NYSE,IVZ,CN
727,Branch C,Gilligan Agostini,225-678-9009,7/28/2017,University,NASDAQ,NWBI,CO
728,Branch A,Freddie Piletic,456-618-3145,11/9/2014,University,NYSE,EDU,PE
729,Branch B,Lacy Woollons,430-631-4652,9/11/2022,Corporate,NASDAQ,TREE,EG
730,Branch A,Vinnie Ferriby,990-972-7671,6/30/2003,Retail,NASDAQ,PVAC,TH
731,Branch A,Dorena Frisdick,984-643-0585,5/19/2013,Retail,NASDAQ,PKBK,EC
732,Branch A,Gilberto Wyllt,819-311-3176,7/4/2010,Retail,NASDAQ,SENEB,ZW
733,Branch C,Evanne Bestar,707-843-4470,12/23/2016,Corporate,NASDAQ,JD,PH
734,Branch B,Flossie Mathew,962-270-1265,1/10/2020,Corporate,NASDAQ,FRGI,CN
735,Branch A,Lucita Phinnessy,271-494-9146,8/17/2013,Retail,NASDAQ,VEAC,CR
736,Branch B,Paulina O'Lochan,203-449-8606,11/5/2016,Retail,NYSE,MS^I,PT
737,Branch C,Marina Dresse,345-208-5165,10/17/2005,Retail,NASDAQ,CATB,PT
738,Branch B,Melitta Sherwill,536-151-8345,10/19/2017,University,NASDAQ,NAVG,JP
739,Branch B,Daryl Connechie,766-773-7140,4/1/2008,University,NASDAQ,BCPC,CN
740,Branch A,Fee Garrard,447-861-6156,2/12/2003,Retail,NASDAQ,NWFL,UA
741,Branch A,Annalee Le Merchant,491-467-8659,3/10/2001,Corporate,NYSE,TRC,RU
742,Branch B,Eliza Sushams,226-793-7520,4/14/2017,University,NYSE,LW,CN
743,Branch A,Maurice Stollsteiner,120-309-1600,6/17/2022,Retail,NASDAQ,ICPT,CN
744,Branch C,Svend Nisuis,825-604-0792,3/4/2001,Retail,NYSE,HFC,PL
745,Branch C,Demetria Birchenhead,884-727-2328,2/12/2003,Corporate,NYSE,RAS^A,ET
746,Branch A,Esdras Edgson,816-205-9050,6/22/2008,Retail,NASDAQ,XNCR,SE
747,Branch A,Alano Meininger,264-866-6414,11/7/2010,Corporate,NYSE,MAIN,UA
748,Branch B,Zola French,465-346-8333,5/18/2001,Retail,NASDAQ,TPIC,RU
749,Branch B,Baudoin Genty,809-792-4848,4/25/2017,Corporate,NASDAQ,RGNX,RU
750,Branch B,Annabel Cooling,531-911-4949,9/19/2019,Retail,NASDAQ,GUID,RU
751,Branch A,Rob Woolnough,361-749-2547,8/26/2016,University,NYSE,BERY,NG
752,Branch B,Way Pitson,159-363-2286,6/29/2021,Retail,NYSE,PL^E,RU
753,Branch B,Mel Condie,429-751-6341,7/12/2022,University,NYSE,MMI,CN
754,Branch C,Euphemia Orry,819-375-2216,11/3/2022,Corporate,NYSE,MUS,BR
755,Branch C,Freddie Collomosse,194-193-1951,2/9/2005,University,NASDAQ,HUNTU,BR
756,Branch C,Robby Routh,765-205-0265,11/1/2005,Retail,NYSE,TPC,PL
757,Branch C,Conan Moakes,557-510-6902,4/12/2020,Retail,NYSE,NSS,SL
758,Branch C,Rosco Shimony,824-404-8125,10/5/2003,Retail,NYSE,TNP^E,CZ
759,Branch C,Arlene Borrell,110-988-9018,7/8/2018,Retail,NASDAQ,ITUS,CN
760,Branch C,Kizzie MacNab,687-535-6759,8/19/2008,Corporate,NASDAQ,SBLKL,ID
761,Branch C,Jarvis Rainger,657-213-1120,12/30/2018,Retail,NYSE,UIS,CA
762,Branch A,Ivan Baden,384-216-2390,7/12/2005,University,NASDAQ,CYAN,CN
763,Branch A,Feliks Arlott,565-759-8141,2/27/2017,University,NYSE,E,CN
764,Branch A,Lotti Joul,434-714-5470,5/6/2016,Corporate,NASDAQ,JMU,US
765,Branch A,Viviana Celes,123-645-9448,9/15/2004,Retail,NYSE,OOMA,HR
766,Branch B,Alica Bunney,499-330-8443,3/21/2016,Corporate,NYSE,NHI,SE
767,Branch C,Emalee Burgis,668-760-0191,11/23/2000,Corporate,NASDAQ,ACGL,PE
768,Branch B,Carlene Pedley,816-544-6744,5/10/2007,Corporate,NYSE,PFH,ID
769,Branch B,Dacie Hampson,730-834-4989,9/27/2009,University,NASDAQ,DGICA,ES
770,Branch A,Patrica Cramphorn,476-774-9182,10/18/2021,Retail,NYSE,JPM^F,ID
771,Branch B,Sharai Trusler,914-564-2942,2/2/2010,Corporate,NASDAQ,CUNB,SV
772,Branch B,Edwina Chisholme,304-109-4823,6/27/2022,Corporate,NYSE,CUBE,CN
773,Branch C,Livvie Byer,877-553-3953,1/29/2013,Corporate,NYSE,KSU,BR
774,Branch B,Lynnelle Dewhurst,307-567-5604,11/21/2007,University,NASDAQ,QTNA,PE
775,Branch A,Corrina Riddeough,565-118-6435,7/31/2015,Corporate,NYSE,JEC,CN
776,Branch A,Carolann Grigorey,712-260-0633,7/4/2015,Corporate,NYSE,CRH,ID
777,Branch A,Carlee Sabathier,559-987-2203,1/16/2009,Retail,NASDAQ,XIV,ID
778,Branch B,Abbott Findlay,926-334-6765,3/4/2008,Corporate,NYSE,OGS,ZA
779,Branch B,Shela Bottrell,175-890-7002,11/25/2005,University,NASDAQ,ACBI,SE
780,Branch C,Isis Twitching,151-762-7654,9/29/2001,Retail,NASDAQ,SLVO,PE
781,Branch A,Arron Meegin,580-234-1066,6/18/2000,Retail,NYSE,FLY,CO
782,Branch C,Kylen Pigford,789-137-7072,9/11/2000,Retail,NASDAQ,MBFI,PT
783,Branch C,Aila Piatti,312-478-8040,9/2/2006,Retail,NASDAQ,XTLB,BW
784,Branch B,Kane Clarson,624-442-6502,6/9/2000,Retail,NASDAQ,BSQR,BR
785,Branch B,Emmi Ramelet,927-153-1326,9/9/2003,Corporate,NASDAQ,BOTZ,MA
786,Branch C,Hyacinth Zanolli,887-833-6769,11/7/2018,University,NYSE,IGR,ID
787,Branch C,Dedie Mellmoth,610-725-0738,8/23/2011,University,NYSE,AGO^E,ID
788,Branch A,Ramsey Heaton,357-198-9775,9/29/2001,Retail,NYSE,LC,CN
789,Branch A,Bili Ludlam,795-144-7343,6/3/2002,Retail,NASDAQ,PRFT,PL
790,Branch C,Salvador Sigart,215-617-7149,1/18/2020,University,NYSE,AIZ,RU
791,Branch B,Art Mathan,317-812-3388,10/15/2004,Retail,NYSE,STL,BY
792,Branch A,Irv Kidde,511-483-1221,4/20/2015,University,NASDAQ,SBFG,CO
793,Branch A,Hephzibah Deery,318-925-1846,2/18/2008,Retail,NASDAQ,QCRH,FI
794,Branch B,Risa Audas,193-312-2140,9/10/2019,Retail,NYSE,VNO^I,CN
795,Branch B,Georg Huntly,246-821-1506,10/26/2000,Corporate,NYSE,ASG,CZ
796,Branch B,Gordon Saffle,277-737-3080,12/28/2022,Retail,NASDAQ,CZR,RU
797,Branch B,Cecelia Snoad,520-885-2613,2/12/2011,Retail,NASDAQ,NVDQ,CN
798,Branch C,Timothy Tees,436-445-2255,12/9/2004,Corporate,NYSE,NPK,CZ
799,Branch A,Morlee Roberds,956-673-9250,12/6/2016,Retail,NASDAQ,CNSL,MA
800,Branch C,Dixie Ledbury,301-795-5543,1/11/2018,Retail,NASDAQ,FTNT,FR
801,Branch A,Yance Twinn,647-558-1768,9/26/2016,University,NASDAQ,GOGO,CN
802,Branch A,Kessiah Casiroli,886-738-2202,11/1/2006,Corporate,NYSE,CPAC,ZA
803,Branch C,Lucius Klementz,934-833-0373,1/7/2006,Retail,NASDAQ,JJSF,CN
804,Branch B,Nichol Seatter,786-360-3775,10/23/2010,Retail,NASDAQ,CDC,SE
805,Branch C,Eyde Henriquet,289-656-7275,10/8/2008,Corporate,NYSE,PJC,CN
806,Branch C,Katheryn Urian,364-483-5343,12/12/2010,Retail,NYSE,AQN,ID
807,Branch C,Amity Tessyman,497-968-0630,8/21/2011,Retail,NYSE,RPAI^A,ID
808,Branch C,Clywd Wix,137-230-7929,11/26/2000,Corporate,NYSE,STT^G,SE
809,Branch A,Ranique Catlow,292-392-4804,7/16/2000,Retail,NYSE,NEWM,ID
810,Branch A,Randi Wattam,409-268-6459,1/16/2022,Retail,NYSE,PGRE,ID
811,Branch A,Noble Valder,386-985-3327,2/5/2018,University,NYSE,STZ.B,CN
812,Branch C,Teddy Sevitt,835-361-8399,10/10/2002,Retail,NYSE,CAF,CN
813,Branch A,Larina Winsor,817-277-5557,5/25/2008,Retail,NASDAQ,ADI,CN
814,Branch C,Devland Woolmore,801-827-1540,1/29/2002,University,NYSE,SEMG,ID
815,Branch A,Jeramey Brouwer,899-723-3944,5/4/2014,University,NYSE,OKS,CN
816,Branch A,Rozanna Goodbairn,257-355-6600,8/16/2010,Corporate,NYSE,AIZ,SE
817,Branch A,Jillayne Oats,850-488-5403,7/12/2005,University,NASDAQ,LTEA,PT
818,Branch A,Aurilia Bannerman,859-663-1269,9/20/2010,University,NASDAQ,BHACW,UA
819,Branch A,Jessalyn Di Ruggero,335-238-9452,7/13/2021,University,NASDAQ,CLNT,SE
820,Branch A,Shirlee Goscar,280-196-2401,1/24/2019,Corporate,NASDAQ,SSTI,GT
821,Branch A,Chandra Twamley,878-697-0566,10/28/2011,Retail,NASDAQ,FCCY,GE
822,Branch C,Andrea Paolini,142-624-0463,2/3/2002,University,NASDAQ,HOLI,CN
823,Branch C,Bret Matusson,449-113-2716,10/26/2019,University,NYSE,TRGP,BR
824,Branch C,Tarrance Ilyukhov,450-448-7699,12/1/2021,Retail,NYSE,HIL,BR
825,Branch A,Radcliffe Ponde,671-650-6787,3/14/2021,Corporate,NYSE,NWL,CN
826,Branch C,Louis Mussared,756-120-3898,8/1/2017,University,NASDAQ,FBIZ,RU
827,Branch C,Winslow Ferroni,228-854-4019,3/3/2022,University,NYSE,LGF.A,CN
828,Branch A,Natasha Gloyens,628-320-2361,11/14/2011,Corporate,NASDAQ,CHEK,PT
829,Branch C,Vinni Straw,154-743-0673,2/28/2008,Retail,NYSE,XPO,ID
830,Branch B,Robb Mattes,989-493-1643,8/24/2005,Retail,NYSE,FTV,GH
831,Branch A,Mitchel Nevison,432-327-8167,3/6/2003,Corporate,NASDAQ,AMBCW,TM
832,Branch C,Sheilah Lossman,927-948-5094,8/21/2013,University,NYSE,NOMD,PL
833,Branch C,Hermann Loddy,913-161-9512,11/3/2012,University,NASDAQ,PSEC,TH
834,Branch B,Dyane Carnelley,309-315-6943,4/19/2005,University,NASDAQ,GRIF,RU
835,Branch C,Ingaberg Teresse,808-255-3033,8/7/2011,Retail,NYSE,CFC^B,BA
836,Branch A,Theodore Peniello,825-183-8773,10/6/2020,University,NYSE,SAH,PE
837,Branch C,Lynette Dreschler,639-656-3359,6/14/2001,University,NASDAQ,FSBC,VN
838,Branch A,Romona Kinnier,568-814-8811,12/10/2021,Corporate,NASDAQ,AXARU,PT
839,Branch A,Liva McLorinan,427-429-1826,6/6/2011,Retail,NYSE,WPC,ID
840,Branch A,Miguelita Brecher,602-671-0418,7/15/2004,Corporate,NASDAQ,CRIS,FR
841,Branch B,Creight Cains,867-708-8401,11/15/2004,Corporate,NYSE,RLJ,GR
842,Branch C,Dwayne Goodbarne,435-781-2764,2/6/2020,University,NYSE,TGP^A,CN
843,Branch C,Corabelle Akid,188-508-5368,11/4/2021,Retail,NASDAQ,FOGO,PE
844,Branch C,Blinni Lusher,294-443-9546,6/17/2016,Corporate,NYSE,RGS,VN
845,Branch A,Morgen Mish,567-278-8030,7/15/2016,University,NASDAQ,ALOG,CN
846,Branch B,Clint Riordan,296-977-5904,3/17/2020,University,NYSE,BOXC,MK
847,Branch C,Almire Wilds,900-972-8546,12/6/2001,Corporate,NYSE,AVX,CN
848,Branch A,Uri Thirlwall,738-145-1165,10/10/2006,University,NASDAQ,CAPR,ID
849,Branch A,Eolanda Courtney,821-885-6591,2/24/2004,University,NASDAQ,ANCB,CN
850,Branch B,Jammie Cumberlidge,667-703-3303,7/24/2017,Retail,NYSE,CC,CN
851,Branch A,Perren Dolby,334-222-4800,3/14/2018,Corporate,NYSE,LDOS,CN
852,Branch C,Hillary Hannum,300-877-7166,3/4/2004,Corporate,NYSE,KRO,ID
853,Branch B,Carroll Elijah,772-105-7769,1/14/2002,Corporate,NYSE,TPL,NG
854,Branch C,Ario Del Dello,492-616-9943,8/29/2018,Corporate,NASDAQ,PNQI,LK
855,Branch C,Durante Farbrother,208-851-7882,11/21/2000,Corporate,NASDAQ,AAME,JP
856,Branch A,Jobi Paulino,631-514-1045,6/26/2019,Retail,NYSE,BBDO,YE
857,Branch B,Tabby Jenson,519-430-2582,12/28/2001,Corporate,NASDAQ,LNDC,ID
858,Branch A,Curcio Ewing,984-872-5809,1/29/2008,University,NASDAQ,MIND,LK
859,Branch A,Wait O' Cuolahan,883-200-9309,4/1/2021,Corporate,NYSE,QTM,GR
860,Branch B,Merla Reford,862-620-3269,12/1/2014,Corporate,NASDAQ,VCSH,KP
861,Branch B,Brade Mussilli,222-340-8192,3/20/2012,University,NYSE,ENLC,CL
862,Branch C,Sonni Sibyllina,122-716-9641,6/8/2016,Corporate,NASDAQ,SUNW,CZ
863,Branch C,Corina Chimenti,113-220-2286,7/9/2004,Retail,NYSE,DYN.WS.A,CN
864,Branch C,Leann Marushak,157-783-9263,10/1/2002,University,NYSE,TX,RU
865,Branch A,Devin Ferres,219-380-1566,6/1/2004,Retail,NYSE,BBT^F,AR
866,Branch C,Tommy Pridden,791-729-0412,9/12/2015,Corporate,NASDAQ,YORW,CU
867,Branch C,Sheffield Hawford,831-320-0849,8/7/2020,Corporate,NYSE,TBI,CN
868,Branch A,Helli Bonnavant,185-140-5509,5/26/2006,University,NASDAQ,LCA,AL
869,Branch B,Brok Howison,288-830-2566,2/3/2022,University,NYSE,CTW,MY
870,Branch B,Caralie O'Nions,897-766-2533,10/30/2002,Retail,NYSE,WTW,RU
871,Branch C,Wait Matusson,171-359-5413,1/12/2011,University,NYSE,WRE,ID
872,Branch C,Derrick Hardie,405-669-5213,5/7/2022,Corporate,NASDAQ,KMDA,JP
873,Branch B,Kelbee Ramel,942-703-8498,3/9/2014,Corporate,NASDAQ,ANDA,KP
874,Branch C,Eberto Pulhoster,691-269-3664,1/25/2022,Corporate,NASDAQ,GSVC,CN
875,Branch C,Karolina Canti,210-150-9391,5/5/2003,Retail,NASDAQ,FMBH,FI
876,Branch B,Wilburt Gleasane,619-106-7645,6/20/2010,Corporate,NASDAQ,SKIS,PH
877,Branch A,Dyna Preedy,626-409-8421,4/23/2012,Retail,NYSE,HTF,EC
878,Branch C,Conant Pinchon,825-891-5777,1/15/2006,Retail,NASDAQ,IGF,CN
879,Branch A,Feliks Sturch,441-705-8081,1/26/2019,Corporate,NYSE,TPC,BG
880,Branch B,Tate Badsey,688-938-7291,5/26/2002,University,NYSE,WTW,ES
881,Branch C,Gifford Anthoin,983-247-2861,8/1/2016,Corporate,NASDAQ,BATRK,AZ
882,Branch C,Gordie Whitworth,163-421-6680,8/27/2011,Retail,NASDAQ,SBLK,JP
883,Branch B,Saul Pischof,253-926-5529,6/1/2016,Retail,NYSE,JRO,RU
884,Branch B,Anthea Fero,157-335-1346,12/13/2022,Retail,NYSE,FPH,BR
885,Branch B,Ash Overlow,429-303-9309,6/8/2015,University,NASDAQ,AFMD,PH
886,Branch C,York Brobyn,232-921-6814,11/7/2012,Retail,NASDAQ,PBYI,FR
887,Branch C,Randolph Matelyunas,231-621-0268,4/19/2021,Retail,NASDAQ,BCRX,AR
888,Branch C,Emmit Janman,986-810-4459,10/21/2017,University,NYSE,PSB^T,RS
889,Branch B,Ezra Pickover,121-558-8791,12/24/2010,Retail,NASDAQ,KALV,IT
890,Branch B,Toby Guilfoyle,629-361-2780,3/8/2021,University,NASDAQ,LSXMB,UA
891,Branch C,Bay Hastie,392-512-8453,8/19/2014,Retail,NASDAQ,SNOAW,FR
892,Branch B,Muffin Blackie,435-766-7667,5/30/2010,University,NYSE,BUD,VE
893,Branch C,Alameda Boissieux,405-319-4949,11/30/2008,Retail,NASDAQ,EVOL,JO
894,Branch A,Maybelle Sill,679-200-2515,10/4/2013,Retail,NASDAQ,VGLT,MX
895,Branch B,Rickard Bengtsen,650-533-5202,5/8/2006,Corporate,NYSE,YUME,BA
896,Branch A,Tedd Nabbs,879-318-7455,7/20/2012,Corporate,NASDAQ,TTOO,CN
897,Branch C,Foss Killingback,667-546-5093,8/31/2014,Retail,NASDAQ,STPP,CN
898,Branch A,Thorstein Nisbith,465-488-0000,4/30/2005,Corporate,NASDAQ,IMGN,RS
899,Branch A,Duffy Hargie,857-404-0049,6/20/2004,Retail,NYSE,ERA,CN
900,Branch A,Marillin Perfitt,176-661-5246,9/12/2017,University,NYSE,AXS^E,PH
901,Branch B,Gunilla Defond,873-662-4619,6/25/2014,Retail,NYSE,ABEV,PL
902,Branch B,Floris Whordley,662-545-6490,3/19/2017,Retail,NYSE,BBU,PE
903,Branch C,Shaylynn Braidwood,749-314-8942,8/24/2015,University,NYSE,C^L,CN
904,Branch C,Shell Coveny,585-940-0553,1/12/2019,University,NASDAQ,TCON,ID
905,Branch A,Ernestus Crigin,999-566-9791,4/7/2013,University,NYSE,BXP,CN
906,Branch C,Hillary Stannislawski,401-382-9644,6/4/2007,University,NYSE,TWN,TH
907,Branch B,Rikki Figura,834-497-8234,10/9/2011,Retail,NYSE,VOC,RU
908,Branch B,Sean Damrel,832-620-0234,4/5/2007,Corporate,NYSE,BKH,ID
909,Branch C,Ediva Watman,319-853-6786,2/1/2001,Retail,NASDAQ,MARK,PT
910,Branch A,Carola Dmtrovic,453-595-1364,10/20/2018,Corporate,NASDAQ,ACGLP,PH
911,Branch B,Ella Stiller,566-607-4213,11/28/2016,Corporate,NYSE,HVT.A,CO
912,Branch A,Ricki Lowseley,777-850-9684,9/26/2020,Corporate,NASDAQ,IRCP,ID
913,Branch A,Karoly Eyre,431-538-5380,8/17/2004,University,NYSE,TAC,BY
914,Branch B,Dena Noon,631-256-0473,2/14/2011,University,NYSE,CTB,PT
915,Branch C,Briano Hendrik,489-396-2553,2/3/2006,Retail,NYSE,CPS,CN
916,Branch A,Beaufort Pyott,651-660-8571,11/5/2000,University,NYSE,WFC^V,MA
917,Branch C,Laverne Howie,447-865-9390,5/31/2002,Corporate,NYSE,GCAP,MX
918,Branch A,Rozalin Soitoux,502-454-1827,7/17/2007,Retail,NYSE,GCO,IE
919,Branch C,Madalyn Oxlee,350-358-3902,8/26/2021,Corporate,NYSE,ECCZ,CN
920,Branch C,Brendan Pogosian,870-522-5230,7/26/2021,Retail,NASDAQ,AWRE,ID
921,Branch B,Vanessa Foxworthy,239-712-1990,9/10/2018,Corporate,NASDAQ,SBPH,HR
922,Branch B,Freda Stollenwerck,993-116-8747,10/11/2007,University,NYSE,CCM,GE
923,Branch B,Beitris Kopf,547-714-3559,8/15/2007,University,NYSE,TWO^A,PT
924,Branch B,Ced Jeavons,101-681-3058,7/5/2013,Corporate,NYSE,PDI,CN
925,Branch A,Kendal Domerque,602-905-2952,3/1/2021,Retail,NASDAQ,TCX,TN
926,Branch A,Noland Whaplington,174-531-6564,3/29/2013,University,NYSE,VLT,GT
927,Branch A,Babette Fermoy,126-902-0456,4/18/2017,Corporate,NASDAQ,USAT,BR
928,Branch B,Edward Sizeland,953-850-3662,3/14/2019,Retail,NASDAQ,SUPN,ID
929,Branch C,Allys Meth,867-405-7168,7/21/2006,Retail,NYSE,JAX,RU
930,Branch C,Bryce Flowith,475-597-2942,12/22/2004,Corporate,NYSE,NRG,TH
931,Branch A,Celka Rattray,715-627-3697,2/1/2005,Retail,NASDAQ,JUNO,SE
932,Branch C,Hayes Siegertsz,668-519-2571,11/17/2009,Retail,NASDAQ,XENT,AF
933,Branch A,Vittoria Levermore,570-996-5326,6/10/2020,Corporate,NYSE,PANW,RU
934,Branch B,Natale Fortune,769-400-3025,9/11/2002,Retail,NASDAQ,SBNY,SE
935,Branch C,Odette Buzek,261-869-3701,4/25/2019,Retail,NASDAQ,ZAGG,YE
936,Branch A,Inez Antrack,480-324-9578,10/13/2015,University,NASDAQ,RUSHB,PW
937,Branch A,Casandra Klimt,225-109-4834,7/5/2007,Retail,NYSE,PCM,ET
938,Branch A,Jamil Betteney,896-135-7237,5/23/2018,Retail,NYSE,PNC^P,CD
939,Branch C,Salomone Fackrell,897-368-6066,2/8/2019,University,NASDAQ,SYMX,YT
940,Branch A,Novelia Newens,450-373-0965,2/26/2007,Corporate,NYSE,THQ,PH
941,Branch A,Orton Allred,666-847-4032,3/7/2021,Corporate,NASDAQ,IPCC,CN
942,Branch C,Michael Jenton,914-842-4668,4/23/2005,Retail,NYSE,CUDA,CN
943,Branch B,Morey Wardhough,189-371-5903,10/25/2007,Retail,NYSE,REXR^A,AR
944,Branch A,Templeton Seed,191-594-9568,11/3/2011,Corporate,NYSE,AGRO,PH
945,Branch A,Renell Southard,171-977-0626,12/31/2005,Corporate,NASDAQ,FOXF,SE
946,Branch C,Aland Sulley,402-420-1757,7/29/2003,Corporate,NASDAQ,BICK,MY
947,Branch C,Stacy Addams,801-102-9592,4/20/2009,University,NASDAQ,GHDX,RU
948,Branch B,Glynis Driffield,221-724-9313,5/20/2005,Retail,NYSE,ARR^B,VE
949,Branch B,Halsy Tittletross,116-301-2686,7/24/2003,University,NASDAQ,CETXW,PT
950,Branch A,Shannen Gorsse,230-565-6705,9/15/2016,Corporate,NASDAQ,HOVNP,JP
951,Branch C,Berny Toone,275-696-8088,3/22/2009,Corporate,NASDAQ,GENY,LY
952,Branch A,Amos Breckenridge,444-712-6256,11/9/2022,University,NASDAQ,IMMR,GE
953,Branch C,Thomas Overington,427-705-7099,7/2/2019,Retail,NASDAQ,METC,ET
954,Branch C,Marillin Fort,848-739-8881,8/1/2016,Retail,NYSE,SPE^B,BR
955,Branch C,Micaela Kleimt,679-260-5434,7/16/2020,Corporate,NYSE,GLOB,CN
956,Branch A,Gabbie McCrea,198-349-9128,5/9/2012,University,NASDAQ,IIVI,CN
957,Branch C,Shaina Easbie,878-137-6523,5/8/2020,Corporate,NYSE,RZB,FR
958,Branch A,Corina Bartlett,187-561-2905,6/17/2016,Corporate,NASDAQ,MSTR,CN
959,Branch C,Alfonse Keenlyside,976-471-1625,2/11/2008,University,NASDAQ,BIB,PL
960,Branch A,Geralda Najara,549-403-4337,4/1/2016,Retail,NASDAQ,CZNC,VN
961,Branch C,Pooh Skippings,693-152-8791,3/16/2007,Corporate,NASDAQ,SPLK,PA
962,Branch C,Gothart Rapi,360-868-7765,1/14/2013,Corporate,NASDAQ,AGZD,PH
963,Branch B,Adrien Nisco,877-976-1890,8/11/2022,Corporate,NASDAQ,VMBS,MX
964,Branch B,Zondra Cline,874-749-7141,3/12/2003,University,NYSE,USFD,ID
965,Branch C,Natasha Waddilow,919-544-2736,10/1/2000,Retail,NYSE,MTB.WS,PL
966,Branch C,Erna Rosencwaig,598-866-6858,4/10/2019,University,NASDAQ,XIV,ID
967,Branch B,Berke Newnham,136-181-9848,2/2/2003,University,NYSE,COT,KI
968,Branch B,Iona Evangelinos,461-760-9552,6/7/2008,Corporate,NASDAQ,DUSA,CN
969,Branch A,Jenica Froschauer,940-412-1065,12/2/2003,Corporate,NASDAQ,FUNC,TH
970,Branch C,Irina Hughill,536-435-6460,4/1/2006,Retail,NYSE,BBY,BR
971,Branch A,Claudina Game,366-124-3128,4/18/2019,University,NYSE,NX,UA
972,Branch A,Angel Francois,245-770-8192,4/26/2018,Retail,NYSE,SSW^G,BY
973,Branch B,Jerrome Kinforth,162-596-4289,5/15/2000,University,NYSE,SDT,PL
974,Branch B,Kassey Tregidga,790-650-6341,6/26/2011,Corporate,NYSE,SCE^K,RU
975,Branch C,Ray Pennazzi,180-536-0432,3/27/2016,Retail,NASDAQ,NETE,MK
976,Branch B,Marna Tupp,712-213-0039,7/9/2018,Corporate,NASDAQ,NFEC,MM
977,Branch A,Jason Borgnol,249-125-8991,6/6/2008,Corporate,NYSE,NTL,CN
978,Branch C,Brittaney Gudeman,914-533-8797,2/19/2012,Corporate,NASDAQ,FARM,PL
979,Branch A,Adolf Ruddlesden,295-777-0088,8/31/2016,University,NYSE,MUJ,DO
980,Branch A,Joellyn Arendsen,522-980-4167,12/29/2016,University,NYSE,FTI,ID
981,Branch A,Juline Garden,997-704-1357,6/12/2009,Retail,NYSE,TSLX,PY
982,Branch B,Ambros Feldbaum,475-841-6982,9/15/2021,University,NYSE,OFG^D,ID
983,Branch C,Julianna Wooder,492-681-6870,3/6/2016,Retail,NASDAQ,MYOK,UZ
984,Branch A,Tatiana Caso,224-335-2663,8/20/2014,Corporate,NASDAQ,CBSH,RU
985,Branch A,Irita Tointon,344-430-2292,8/4/2007,Corporate,NASDAQ,NTRSP,CI
986,Branch C,Ichabod Egre,460-705-6443,2/7/2000,University,NYSE,TNP,RS
987,Branch B,Rhett Stern,937-963-6833,6/23/2004,University,NASDAQ,FOMX,PE
988,Branch B,Brina Matterface,312-217-0839,8/9/2014,Corporate,NYSE,FCN,ID
989,Branch A,Jeane Cowins,998-732-7028,12/2/2006,University,NYSE,ING,GT
990,Branch C,Guido Amort,700-812-1398,10/9/2011,University,NASDAQ,TRCB,RU
991,Branch A,Katya Santarelli,450-299-5329,9/2/2008,University,NASDAQ,CRME,CN
992,Branch A,Diena Boddie,804-274-6528,11/6/2009,Retail,NASDAQ,TWMC,SE
993,Branch B,Othilia Brandolini,586-886-3902,10/4/2012,University,NASDAQ,LQDT,JP
994,Branch C,Norrie Stalley,587-223-1720,3/3/2014,University,NYSE,LNC,CN
995,Branch C,Gussie Mardoll,839-982-7305,3/11/2010,Corporate,NASDAQ,TCCO,JP
996,Branch A,Pinchas Peller,802-975-6895,4/17/2014,University,NYSE,KN,PH
997,Branch C,Ambrose Lanegran,641-417-3703,3/25/2007,University,NASDAQ,CEZ,AL
998,Branch C,Wenda Worling,237-312-1210,6/8/2011,Retail,NASDAQ,APOPW,MN
999,Branch B,Mallorie Robiou,694-297-6871,11/6/2003,Retail,NASDAQ,IRDM,ID
1000,Branch C,Franky Reinard,187-446-7126,8/15/2003,Corporate,NASDAQ,BNTCW,PE
